filename|arousal|valence
test_0001|Ignore|-2
test_0002|-0.5|-1
test_0003|Ignore|Init
test_0004|-2|-1
test_0005|Init|-2
test_0006|0|0
test_0007|-1|0
test_0008|-0.5|Init
test_0009|-1|-1
test_0010|+2|-1
test_0011|+0.5|0
test_0012|-2|Init
test_0013|Init|+2
test_0014|+1|+1
test_0015|-1|+0.5
test_0016|0|Init
test_0017|0|+1
test_0018|Ignore|-1
test_0019|-2|Ignore
test_0020|+0.5|-0.5
test_0021|+1|+1
test_0022|-2|+0.5
test_0023|+1|Init
test_0024|+1|+0.5
test_0025|Ignore|0
test_0026|Init|-1
test_0027|+0.5|-2
test_0028|Ignore|0
test_0029|-2|Ignore
test_0030|Ignore|-0.5
test_0031|-2|Ignore
test_0032|Ignore|Ignore
test_0033|-2|+0.5
test_0034|-1|-2
test_0035|Init|+2
test_0036|-0.5|+2
test_0037|-2|Init
test_0038|-1|Init
test_0039|-1|Init
test_0040|Init|-2
test_0041|Init|+2
test_0042|-2|+2
test_0043|+0.5|-1
test_0044|+0.5|+2
test_0045|-1|-2
test_0046|-0.5|0
test_0047|-0.5|-0.5
test_0048|Ignore|+2
test_0049|0|+2
test_0050|0|+1
test_0051|+1|0
test_0052|Init|+2
test_0053|-1|Ignore
test_0054|-2|Init
test_0055|-1|+2
test_0056|0|Init
test_0057|-2|+0.5
test_0058|+2|0
test_0059|+0.5|-1
test_0060|+2|-1
test_0061|Init|+1
test_0062|Init|+0.5
test_0063|+1|-2
test_0064|-1|0
test_0065|Ignore|Init
test_0066|+2|+0.5
test_0067|-0.5|-1
test_0068|-2|-1
test_0069|-0.5|-1
test_0070|-1|Ignore
test_0071|+2|+0.5
test_0072|-2|-1
test_0073|-0.5|+0.5
test_0074|-2|Init
test_0075|+0.5|-0.5
test_0076|+0.5|-2
test_0077|+2|Init
test_0078|-0.5|+1
test_0079|-2|+2
test_0080|-0.5|0
test_0081|+0.5|0
test_0082|+0.5|-2
test_0083|Init|Init
test_0084|+1|-2
test_0085|Ignore|Init
test_0086|0|-1
test_0087|-1|-1
test_0088|Init|+1
test_0089|+0.5|-0.5
test_0090|-1|Init
test_0091|+2|-0.5
test_0092|Ignore|-0.5
test_0093|+2|Ignore
test_0094|-0.5|-1
test_0095|+2|+0.5
test_0096|+1|+2
test_0097|Ignore|+0.5
test_0098|0|Init
test_0099|+2|Init
test_0100|+1|-1
test_0101|-1|+2
test_0102|+0.5|+0.5
test_0103|0|Ignore
test_0104|-0.5|Ignore
test_0105|-0.5|+2
test_0106|Init|-1
test_0107|-1|0
test_0108|0|0
test_0109|+1|+1
test_0110|Init|-2
test_0111|0|+2
test_0112|-2|0
test_0113|-1|0
test_0114|+2|-2
test_0115|+0.5|+2
test_0116|+1|+2
test_0117|-2|+0.5
test_0118|Ignore|-0.5
test_0119|+2|+0.5
test_0120|-1|0
test_0121|-1|+1
test_0122|-0.5|Ignore
test_0123|+0.5|-2
test_0124|+2|-1
test_0125|-0.5|-1
test_0126|+2|+1
test_0127|Ignore|+0.5
test_0128|+2|Init
test_0129|-1|Ignore
test_0130|0|-2
test_0131|+1|-0.5
test_0132|-1|Ignore
test_0133|Init|Init
test_0134|+2|0
test_0135|Ignore|-1
test_0136|Init|+2
test_0137|Ignore|+2
test_0138|Init|+2
test_0139|-2|+0.5
test_0140|-1|+2
test_0141|Init|-2
test_0142|+2|0
test_0143|+1|+0.5
test_0144|Init|+0.5
test_0145|+1|Init
test_0146|+0.5|-2
test_0147|Init|0
test_0148|Init|Ignore
test_0149|-0.5|-2
test_0150|+0.5|-0.5
test_0151|Ignore|+2
test_0152|+1|+2
test_0153|-1|-2
test_0154|+2|Init
test_0155|-0.5|Ignore
test_0156|Ignore|+2
test_0157|0|Init
test_0158|-2|Ignore
test_0159|+2|-0.5
test_0160|-2|-1
test_0161|-0.5|-1
test_0162|+0.5|0
test_0163|-0.5|-1
test_0164|+2|+0.5
test_0165|+0.5|-1
test_0166|-2|-1
test_0167|+2|+2
test_0168|Ignore|+2
test_0169|Init|0
test_0170|+1|-1
test_0171|+2|Init
test_0172|Ignore|+2
test_0173|0|+1
test_0174|Ignore|-2
test_0175|-1|-1
test_0176|-1|+0.5
test_0177|-1|Init
test_0178|Init|-0.5
test_0179|+2|-0.5
test_0180|-2|0
test_0181|-1|-2
test_0182|+1|0
test_0183|-1|-1
test_0184|-1|-2
test_0185|0|-0.5
test_0186|Init|Init
test_0187|+0.5|-1
test_0188|+2|-0.5
test_0189|0|-1
test_0190|-0.5|0
test_0191|-2|-0.5
test_0192|-0.5|-0.5
test_0193|Init|+0.5
test_0194|Ignore|Init
test_0195|-2|+0.5
test_0196|+1|0
test_0197|+0.5|+2
test_0198|-1|-1
test_0199|-1|0
test_0200|Ignore|Init
test_0201|+1|Init
test_0202|-2|0
test_0203|+0.5|+1
test_0204|+2|-0.5
test_0205|+1|+0.5
test_0206|+1|+2
test_0207|+1|0
test_0208|-0.5|-1
test_0209|+2|Ignore
test_0210|-0.5|0
test_0211|+2|0
test_0212|+2|Ignore
test_0213|-2|-2
test_0214|Ignore|+2
test_0215|-2|0
test_0216|+2|Ignore
test_0217|+0.5|+0.5
test_0218|0|-0.5
test_0219|+1|Init
test_0220|-0.5|+2
test_0221|+0.5|+0.5
test_0222|+0.5|+2
test_0223|Init|-1
test_0224|+0.5|+2
test_0225|+0.5|+2
test_0226|-2|-2
test_0227|-1|-1
test_0228|-2|-0.5
test_0229|+2|-1
test_0230|Init|+1
test_0231|Init|-1
test_0232|Init|0
test_0233|Ignore|-1
test_0234|-2|-1
test_0235|Init|+2
test_0236|Init|Init
test_0237|0|-1
test_0238|+1|-0.5
test_0239|Init|+1
test_0240|-0.5|Init
test_0241|+1|Ignore
test_0242|-0.5|+0.5
test_0243|Init|-2
test_0244|+0.5|-2
test_0245|-2|Ignore
test_0246|-2|0
test_0247|-1|+0.5
test_0248|+2|Ignore
test_0249|+0.5|Ignore
test_0250|+0.5|-1
test_0251|+2|-2
test_0252|-1|+1
test_0253|-0.5|-0.5
test_0254|Ignore|+0.5
test_0255|0|+1
test_0256|-1|Ignore
test_0257|0|+1
test_0258|+0.5|-2
test_0259|+0.5|0
test_0260|-2|Ignore
test_0261|Ignore|-0.5
test_0262|Init|0
test_0263|Init|+2
test_0264|-1|+0.5
test_0265|-0.5|-1
test_0266|Init|+2
test_0267|Init|+1
test_0268|-1|+0.5
test_0269|+0.5|-1
test_0270|+1|Init
test_0271|0|-2
test_0272|-2|+0.5
test_0273|Ignore|+0.5
test_0274|-2|Init
test_0275|+2|-1
test_0276|-0.5|-1
test_0277|+2|Ignore
test_0278|+0.5|Ignore
test_0279|+2|+2
test_0280|-1|+2
test_0281|Init|+0.5
test_0282|-2|-2
test_0283|-2|Init
test_0284|-2|Init
test_0285|+2|+0.5
test_0286|+0.5|0
test_0287|+2|-1
test_0288|Ignore|-0.5
test_0289|-1|-1
test_0290|+2|+1
test_0291|+2|+1
test_0292|0|+0.5
test_0293|Ignore|-1
test_0294|+1|-0.5
test_0295|-0.5|-2
test_0296|+0.5|-1
test_0297|-0.5|-2
test_0298|0|-1
test_0299|0|-0.5
test_0300|0|+1
test_0301|+2|-0.5
test_0302|+0.5|-2
test_0303|+2|+2
test_0304|0|0
test_0305|+0.5|+2
test_0306|-0.5|Ignore
test_0307|Init|0
test_0308|-0.5|Ignore
test_0309|Init|-1
test_0310|Init|+0.5
test_0311|+0.5|0
test_0312|Ignore|-0.5
test_0313|-2|+0.5
test_0314|-1|-0.5
test_0315|+2|-1
test_0316|0|0
test_0317|+2|+1
test_0318|+1|+0.5
test_0319|0|Ignore
test_0320|+1|+2
test_0321|+0.5|+0.5
test_0322|+1|-1
test_0323|+1|+0.5
test_0324|+2|+0.5
test_0325|-2|-2
test_0326|+2|-1
test_0327|+0.5|-2
test_0328|-1|-2
test_0329|-2|+1
test_0330|+0.5|-2
test_0331|+2|-1
test_0332|-1|-0.5
test_0333|0|Ignore
test_0334|+2|+1
test_0335|-0.5|-2
test_0336|+2|+0.5
test_0337|0|+0.5
test_0338|-0.5|+1
test_0339|-0.5|+2
test_0340|Init|-0.5
test_0341|Ignore|-0.5
test_0342|+1|+0.5
test_0343|-0.5|+1
test_0344|+1|-0.5
test_0345|+2|+2
test_0346|+0.5|-2
test_0347|0|-1
test_0348|+1|Init
test_0349|-2|+1
test_0350|Ignore|+1
test_0351|+2|-0.5
test_0352|+1|+1
test_0353|+2|-0.5
test_0354|-1|-0.5
test_0355|0|+1
test_0356|Init|-0.5
test_0357|+1|Ignore
test_0358|0|-0.5
test_0359|-2|Ignore
test_0360|+0.5|0
test_0361|-1|+0.5
test_0362|-1|+2
test_0363|Init|+1
test_0364|-1|Init
test_0365|-2|-2
test_0366|-0.5|+1
test_0367|Init|-1
test_0368|Ignore|-2
test_0369|+0.5|Ignore
test_0370|+0.5|+0.5
test_0371|-0.5|+1
test_0372|-1|-1
test_0373|-1|Init
test_0374|0|-2
test_0375|+2|-2
test_0376|-1|-0.5
test_0377|-2|-0.5
test_0378|+1|Ignore
test_0379|0|-2
test_0380|Init|+1
test_0381|-1|+2
test_0382|Ignore|-1
test_0383|-0.5|-1
test_0384|Init|+0.5
test_0385|0|+1
test_0386|0|Ignore
test_0387|-1|+1
test_0388|+2|+1
test_0389|-0.5|-0.5
test_0390|+0.5|+0.5
test_0391|+1|-2
test_0392|-2|+2
test_0393|-2|+0.5
test_0394|+1|0
test_0395|0|-1
test_0396|Init|Ignore
test_0397|+2|-2
test_0398|Ignore|-2
test_0399|+1|-1
test_0400|-2|Ignore
test_0401|+1|Init
test_0402|Ignore|+2
test_0403|+0.5|0
test_0404|Init|+2
test_0405|-2|-0.5
test_0406|+2|-1
test_0407|0|Init
test_0408|-1|-0.5
test_0409|Ignore|0
test_0410|-0.5|Ignore
test_0411|-1|+0.5
test_0412|+0.5|-0.5
test_0413|Ignore|+1
test_0414|0|+1
test_0415|Ignore|Init
test_0416|+1|+0.5
test_0417|+2|+1
test_0418|-1|-1
test_0419|Init|-2
test_0420|+0.5|Ignore
test_0421|+0.5|Init
test_0422|+2|Ignore
test_0423|+1|+0.5
test_0424|-0.5|-0.5
test_0425|Ignore|+0.5
test_0426|+2|+2
test_0427|-2|0
test_0428|+1|+1
test_0429|+1|0
test_0430|-2|+1
test_0431|+1|Init
test_0432|Init|-0.5
test_0433|-0.5|Ignore
test_0434|+0.5|Ignore
test_0435|+0.5|0
test_0436|-0.5|0
test_0437|-0.5|0
test_0438|-0.5|+2
test_0439|-0.5|+2
test_0440|Ignore|-0.5
test_0441|+0.5|-0.5
test_0442|+0.5|0
test_0443|-2|+2
test_0444|Init|Ignore
test_0445|Init|-2
test_0446|0|-2
test_0447|-0.5|-2
test_0448|-2|0
test_0449|+1|Ignore
test_0450|Ignore|+2
test_0451|+1|-2
test_0452|-1|Init
test_0453|+2|Init
test_0454|-1|-1
test_0455|-0.5|Init
test_0456|+2|-0.5
test_0457|0|-0.5
test_0458|-1|+1
test_0459|0|+1
test_0460|-0.5|+1
test_0461|Ignore|+2
test_0462|Ignore|+2
test_0463|Init|Init
test_0464|0|-2
test_0465|+1|Init
test_0466|Init|+0.5
test_0467|Init|0
test_0468|-1|-0.5
test_0469|0|Ignore
test_0470|-1|+1
test_0471|-0.5|-2
test_0472|Ignore|0
test_0473|+1|Init
test_0474|Init|+1
test_0475|0|Init
test_0476|Init|+0.5
test_0477|-0.5|-2
test_0478|-1|+0.5
test_0479|0|+2
test_0480|+1|+1
test_0481|-2|0
test_0482|-0.5|Init
test_0483|+0.5|+1
test_0484|0|+1
test_0485|Ignore|0
test_0486|+0.5|+0.5
test_0487|0|Ignore
test_0488|-2|Init
test_0489|+2|-2
test_0490|Init|0
test_0491|+2|-0.5
test_0492|-0.5|0
test_0493|-1|Init
test_0494|0|-0.5
test_0495|-0.5|-1
test_0496|+0.5|-0.5
test_0497|Ignore|-2
test_0498|+0.5|+0.5
test_0499|+1|+1
test_0500|+1|0
test_0501|+2|-2
test_0502|-1|Init
test_0503|-2|+2
test_0504|0|Ignore
test_0505|-2|Ignore
test_0506|0|0
test_0507|+2|-2
test_0508|-1|-0.5
test_0509|Init|-2
test_0510|-1|+0.5
test_0511|+2|-0.5
test_0512|+1|+0.5
test_0513|+0.5|+2
test_0514|+0.5|+0.5
test_0515|-2|0
test_0516|0|0
test_0517|-2|-0.5
test_0518|+1|-2
test_0519|0|+2
test_0520|+0.5|+1
test_0521|-1|Ignore
test_0522|-0.5|-1
test_0523|Init|-0.5
test_0524|-1|Init
test_0525|Ignore|+1
test_0526|Init|-2
test_0527|+0.5|+0.5
test_0528|0|+0.5
test_0529|0|+1
test_0530|-0.5|+1
test_0531|-0.5|+0.5
test_0532|0|Init
test_0533|-0.5|-2
test_0534|Init|+2
test_0535|Ignore|0
test_0536|Init|-2
test_0537|+1|+2
test_0538|-1|-0.5
test_0539|+2|Ignore
test_0540|Ignore|-2
test_0541|Ignore|Ignore
test_0542|Ignore|+0.5
test_0543|-2|Init
test_0544|-1|0
test_0545|+1|Init
test_0546|0|Ignore
test_0547|+2|0
test_0548|+0.5|-2
test_0549|-1|0
test_0550|0|+0.5
test_0551|+1|Init
test_0552|Ignore|+2
test_0553|-2|-2
test_0554|-0.5|0
test_0555|-1|Ignore
test_0556|Ignore|+2
test_0557|Init|+2
test_0558|+1|+2
test_0559|-0.5|-1
test_0560|+1|+2
test_0561|-0.5|+2
test_0562|Init|-1
test_0563|Init|+2
test_0564|Ignore|+0.5
test_0565|-0.5|-1
test_0566|-0.5|-2
test_0567|-2|-2
test_0568|0|-0.5
test_0569|Init|+2
test_0570|+2|Init
test_0571|0|Ignore
test_0572|-2|-2
test_0573|Init|0
test_0574|Ignore|0
test_0575|-2|+2
test_0576|+1|-2
test_0577|-1|Ignore
test_0578|0|-1
test_0579|+1|-2
test_0580|-1|Init
test_0581|0|-2
test_0582|+1|Init
test_0583|Ignore|+2
test_0584|-0.5|Ignore
test_0585|+0.5|-0.5
test_0586|+0.5|-0.5
test_0587|+0.5|-1
test_0588|+2|+1
test_0589|Ignore|-0.5
test_0590|Ignore|+1
test_0591|+0.5|Init
test_0592|-0.5|-0.5
test_0593|-2|-0.5
test_0594|+2|+0.5
test_0595|-2|+0.5
test_0596|-0.5|0
test_0597|0|-2
test_0598|+1|Init
test_0599|+2|-0.5
test_0600|-0.5|+2
test_0601|-2|0
test_0602|+2|0
test_0603|+2|+1
test_0604|0|-2
test_0605|Ignore|Init
test_0606|Ignore|Ignore
test_0607|-1|+0.5
test_0608|-0.5|-1
test_0609|0|+1
test_0610|+1|+2
test_0611|Ignore|-0.5
test_0612|-1|+0.5
test_0613|Init|0
test_0614|+1|-1
test_0615|+2|0
test_0616|-0.5|Init
test_0617|+1|Init
test_0618|Init|+2
test_0619|0|Ignore
test_0620|-0.5|0
test_0621|+0.5|+2
test_0622|Init|+1
test_0623|Init|-1
test_0624|+0.5|Init
test_0625|+2|-1
test_0626|Ignore|Init
test_0627|-0.5|-2
test_0628|+1|Ignore
test_0629|+2|+2
test_0630|Init|Ignore
test_0631|+0.5|+0.5
test_0632|-2|-1
test_0633|+0.5|0
test_0634|-0.5|Init
test_0635|Init|-1
test_0636|-2|+0.5
test_0637|0|Init
test_0638|-0.5|+2
test_0639|+0.5|+2
test_0640|Init|-0.5
test_0641|Ignore|+2
test_0642|+0.5|+0.5
test_0643|-1|-2
test_0644|+1|+2
test_0645|+0.5|+1
test_0646|+2|-0.5
test_0647|-1|-1
test_0648|Ignore|-2
test_0649|Ignore|+0.5
test_0650|Ignore|+2
test_0651|+2|+2
test_0652|0|+2
test_0653|+1|-2
test_0654|-1|-2
test_0655|+2|+1
test_0656|-2|+1
test_0657|Init|+1
test_0658|-2|Init
test_0659|+1|-1
test_0660|+1|-2
test_0661|+1|-0.5
test_0662|0|+2
test_0663|-1|+2
test_0664|+2|Init
test_0665|Init|Init
test_0666|-2|+2
test_0667|+0.5|Ignore
test_0668|+2|Ignore
test_0669|-0.5|Init
test_0670|-2|+2
test_0671|Ignore|+0.5
test_0672|Ignore|+1
test_0673|-0.5|Init
test_0674|+1|-2
test_0675|+2|0
test_0676|-2|+1
test_0677|-0.5|+0.5
test_0678|Init|-2
test_0679|+0.5|Init
test_0680|-0.5|+2
test_0681|+0.5|Init
test_0682|+1|-0.5
test_0683|+1|+2
test_0684|Init|-2
test_0685|-1|Init
test_0686|Ignore|-0.5
test_0687|+0.5|-0.5
test_0688|0|-0.5
test_0689|-2|-1
test_0690|Ignore|Ignore
test_0691|+1|+1
test_0692|+0.5|+1
test_0693|+2|Ignore
test_0694|-2|Ignore
test_0695|-1|+1
test_0696|+1|Ignore
test_0697|-1|-2
test_0698|-2|0
test_0699|0|0
test_0700|0|Init
test_0701|0|-2
test_0702|-2|-0.5
test_0703|+2|-0.5
test_0704|+0.5|Ignore
test_0705|-2|+2
test_0706|-0.5|Ignore
test_0707|+0.5|Init
test_0708|+2|-0.5
test_0709|Init|Ignore
test_0710|-2|0
test_0711|+0.5|-2
test_0712|+2|+1
test_0713|-2|+2
test_0714|+0.5|-2
test_0715|+2|-0.5
test_0716|Ignore|Init
test_0717|Ignore|+0.5
test_0718|-0.5|-0.5
test_0719|0|+1
test_0720|-2|+2
test_0721|+1|Init
test_0722|-0.5|+0.5
test_0723|+0.5|-2
test_0724|+2|+1
test_0725|Init|Init
test_0726|+1|Init
test_0727|-2|Init
test_0728|+1|Ignore
test_0729|0|+2
test_0730|Ignore|+1
test_0731|+1|Init
test_0732|+1|Ignore
test_0733|Init|+2
test_0734|-2|+2
test_0735|-0.5|-1
test_0736|+1|-2
test_0737|+1|+0.5
test_0738|+2|+1
test_0739|+0.5|0
test_0740|+1|-2
test_0741|-0.5|+2
test_0742|0|+2
test_0743|Ignore|-0.5
test_0744|-0.5|0
test_0745|0|+0.5
test_0746|+0.5|0
test_0747|-0.5|+1
test_0748|-1|+0.5
test_0749|-0.5|+0.5
test_0750|Ignore|-2
test_0751|-1|+1
test_0752|-2|-2
test_0753|-0.5|-2
test_0754|Ignore|+2
test_0755|+0.5|0
test_0756|Init|-0.5
test_0757|-2|+1
test_0758|-0.5|Init
test_0759|-1|+1
test_0760|0|-0.5
test_0761|0|Ignore
test_0762|+1|+0.5
test_0763|-0.5|-2
test_0764|-2|+0.5
test_0765|-1|Init
test_0766|Init|-2
test_0767|-1|+2
test_0768|Ignore|-2
test_0769|+1|Init
test_0770|Init|-0.5
test_0771|-2|-0.5
test_0772|+2|-2
test_0773|-2|+2
test_0774|-1|0
test_0775|-0.5|+0.5
test_0776|+2|Init
test_0777|0|-0.5
test_0778|-1|Init
test_0779|0|-0.5
test_0780|-0.5|-2
test_0781|+2|-0.5
test_0782|Ignore|-0.5
test_0783|Init|+2
test_0784|0|-2
test_0785|-1|Init
test_0786|-0.5|-0.5
test_0787|-0.5|+2
test_0788|-2|-0.5
test_0789|-0.5|-1
test_0790|+2|+1
test_0791|0|+2
test_0792|+2|-1
test_0793|0|Init
test_0794|-1|Init
test_0795|-0.5|+2
test_0796|-2|+2
test_0797|Ignore|0
test_0798|+1|0
test_0799|+1|+2
test_0800|+1|-1
test_0801|+0.5|Init
test_0802|+0.5|+0.5
test_0803|Init|-1
test_0804|Init|+1
test_0805|+1|Init
test_0806|+2|Init
test_0807|Ignore|-0.5
test_0808|Init|-2
test_0809|Ignore|+0.5
test_0810|-0.5|+1
test_0811|+1|+1
test_0812|-1|+1
test_0813|0|-0.5
test_0814|Init|-2
test_0815|+0.5|-2
test_0816|+1|Ignore
test_0817|-0.5|-1
test_0818|0|-2
test_0819|-0.5|-2
test_0820|-1|+1
test_0821|-2|-2
test_0822|-2|Init
test_0823|+2|-1
test_0824|-1|-0.5
test_0825|-2|+0.5
test_0826|-0.5|+1
test_0827|Init|+0.5
test_0828|+1|0
test_0829|-0.5|Ignore
test_0830|-2|Ignore
test_0831|+0.5|Ignore
test_0832|+2|+1
test_0833|-1|Init
test_0834|-0.5|Init
test_0835|-1|-2
test_0836|+0.5|-1
test_0837|-2|+0.5
test_0838|-0.5|Ignore
test_0839|-0.5|+1
test_0840|+2|+1
test_0841|+1|Ignore
test_0842|-2|-1
test_0843|0|Ignore
test_0844|-2|-0.5
test_0845|+2|Ignore
test_0846|0|-1
test_0847|+1|0
test_0848|-0.5|-2
test_0849|+2|-1
test_0850|0|+2
test_0851|-0.5|Ignore
test_0852|-1|+1
test_0853|+2|-2
test_0854|Ignore|0
test_0855|+0.5|+0.5
test_0856|+1|-1
test_0857|-0.5|Init
test_0858|-1|-1
test_0859|0|+0.5
test_0860|-0.5|+2
test_0861|+0.5|+1
test_0862|+1|-1
test_0863|-1|0
test_0864|0|0
test_0865|+1|Ignore
test_0866|0|Init
test_0867|Ignore|+2
test_0868|0|-0.5
test_0869|-0.5|0
test_0870|-0.5|+0.5
test_0871|+1|+0.5
test_0872|+1|+1
test_0873|+2|0
test_0874|0|-2
test_0875|+1|0
test_0876|+1|+1
test_0877|Init|0
test_0878|-2|+0.5
test_0879|+2|+1
test_0880|+2|+0.5
test_0881|+2|+2
test_0882|Init|-1
test_0883|+1|-1
test_0884|Ignore|-1
test_0885|+0.5|-2
test_0886|-1|0
test_0887|-0.5|Ignore
test_0888|Ignore|+2
test_0889|+0.5|+0.5
test_0890|-2|-0.5
test_0891|-0.5|+2
test_0892|+0.5|-2
test_0893|Init|Ignore
test_0894|+1|-2
test_0895|Init|Init
test_0896|Ignore|Init
test_0897|Ignore|Init
test_0898|-2|-1
test_0899|+1|-1
test_0900|0|+2
test_0901|0|0
test_0902|-2|-0.5
test_0903|Ignore|0
test_0904|Init|0
test_0905|-2|-0.5
test_0906|Init|Ignore
test_0907|Init|Ignore
test_0908|+1|+2
test_0909|Init|+2
test_0910|0|0
test_0911|-0.5|-2
test_0912|Init|-2
test_0913|Init|+1
test_0914|+0.5|+2
test_0915|Ignore|+2
test_0916|+2|-0.5
test_0917|Ignore|-1
test_0918|Ignore|+1
test_0919|-2|+0.5
test_0920|-1|-1
test_0921|Init|Init
test_0922|+0.5|-1
test_0923|Init|Init
test_0924|+0.5|-0.5
test_0925|-2|Init
test_0926|-0.5|+1
test_0927|Init|-2
test_0928|0|-2
test_0929|-0.5|-2
test_0930|+2|0
test_0931|0|0
test_0932|-1|0
test_0933|0|0
test_0934|+1|+0.5
test_0935|-1|0
test_0936|0|+0.5
test_0937|0|-2
test_0938|-0.5|-2
test_0939|-1|Ignore
test_0940|Init|+1
test_0941|Ignore|+1
test_0942|-2|-0.5
test_0943|+2|-0.5
test_0944|-1|+0.5
test_0945|+0.5|+0.5
test_0946|-0.5|-1
test_0947|-1|-2
test_0948|+2|0
test_0949|-2|Init
test_0950|-1|+0.5
test_0951|-0.5|0
test_0952|-2|-0.5
test_0953|-1|+0.5
test_0954|Ignore|-1
test_0955|-1|+2
test_0956|Ignore|-2
test_0957|-1|+1
test_0958|+0.5|+2
test_0959|+1|+0.5
test_0960|+1|+1
test_0961|-1|+1
test_0962|-0.5|Ignore
test_0963|-2|+2
test_0964|Init|+1
test_0965|+0.5|+1
test_0966|Ignore|0
test_0967|+2|Ignore
test_0968|+1|Ignore
test_0969|Ignore|Init
test_0970|0|-1
test_0971|Init|-1
test_0972|Init|+0.5
test_0973|+0.5|+0.5
test_0974|+0.5|-1
test_0975|-1|Init
test_0976|-0.5|0
test_0977|-1|+1
test_0978|Ignore|+1
test_0979|+2|Ignore
test_0980|0|+0.5
test_0981|-1|-0.5
test_0982|+0.5|0
test_0983|-2|0
test_0984|-1|-0.5
test_0985|Ignore|Init
test_0986|-1|+2
test_0987|-0.5|+2
test_0988|-1|Init
test_0989|Ignore|0
test_0990|+0.5|-2
test_0991|-1|+1
test_0992|+0.5|-2
test_0993|-0.5|-0.5
test_0994|+2|-2
test_0995|-2|Init
test_0996|-1|+1
test_0997|-0.5|-2
test_0998|0|Init
test_0999|-0.5|Ignore
test_1000|-0.5|-0.5
test_1001|Init|-0.5
test_1002|+0.5|+1
test_1003|Ignore|-1
test_1004|0|+1
test_1005|0|-0.5
test_1006|-0.5|Init
test_1007|Init|0
test_1008|Ignore|+0.5
test_1009|0|-1
test_1010|+2|+2
test_1011|+0.5|Init
test_1012|0|-0.5
test_1013|+2|-1
test_1014|-1|+2
test_1015|+0.5|Ignore
test_1016|Ignore|+0.5
test_1017|+1|-1
test_1018|+2|+0.5
test_1019|-0.5|+2
test_1020|Init|+1
test_1021|+1|-2
test_1022|0|0
test_1023|Ignore|0
test_1024|-0.5|-1
test_1025|+1|-1
test_1026|-0.5|Ignore
test_1027|0|Init
test_1028|Init|-2
test_1029|-0.5|-0.5
test_1030|0|Init
test_1031|+0.5|+0.5
test_1032|+2|-0.5
test_1033|-2|0
test_1034|+0.5|Ignore
test_1035|-2|Ignore
test_1036|-1|-1
test_1037|0|-1
test_1038|-0.5|+0.5
test_1039|-0.5|-2
test_1040|-0.5|-1
test_1041|-0.5|0
test_1042|+1|-2
test_1043|+1|0
test_1044|-1|0
test_1045|Init|0
test_1046|+1|0
test_1047|+0.5|-0.5
test_1048|-0.5|+1
test_1049|+2|0
test_1050|-2|+1
test_1051|Init|-2
test_1052|+2|Init
test_1053|+2|Init
test_1054|+0.5|+0.5
test_1055|0|-1
test_1056|+2|Ignore
test_1057|0|-0.5
test_1058|-2|-2
test_1059|-0.5|-0.5
test_1060|-1|0
test_1061|Init|+1
test_1062|+2|-2
test_1063|+1|+0.5
test_1064|-0.5|+2
test_1065|0|+0.5
test_1066|+1|-2
test_1067|+0.5|+1
test_1068|0|Ignore
test_1069|+1|0
test_1070|+0.5|+2
test_1071|+2|+0.5
test_1072|Init|-1
test_1073|-1|Init
test_1074|-0.5|+0.5
test_1075|Init|-1
test_1076|+0.5|-0.5
test_1077|Ignore|Ignore
test_1078|Init|Init
test_1079|Init|-2
test_1080|Init|-2
test_1081|Ignore|Ignore
test_1082|-0.5|+2
test_1083|+0.5|Ignore
test_1084|0|-2
test_1085|0|Init
test_1086|0|+1
test_1087|-2|-0.5
test_1088|+0.5|0
test_1089|0|0
test_1090|-1|0
test_1091|-2|+1
test_1092|Ignore|-2
test_1093|-2|Ignore
test_1094|+1|+1
test_1095|Init|-0.5
test_1096|Init|-1
test_1097|-0.5|-1
test_1098|0|0
test_1099|-2|-1
test_1100|+0.5|0
test_1101|0|+2
test_1102|0|Init
test_1103|Ignore|+1
test_1104|+2|0
test_1105|-0.5|Init
test_1106|+2|-0.5
test_1107|-1|+0.5
test_1108|Init|+1
test_1109|+0.5|+2
test_1110|0|0
test_1111|+2|+2
test_1112|+2|+1
test_1113|+0.5|+0.5
test_1114|+1|-1
test_1115|Ignore|0
test_1116|+0.5|Init
test_1117|+0.5|-0.5
test_1118|0|Ignore
test_1119|+2|-0.5
test_1120|Ignore|+1
test_1121|-2|-0.5
test_1122|Init|0
test_1123|-0.5|-0.5
test_1124|+2|-0.5
test_1125|-1|+1
test_1126|Ignore|+0.5
test_1127|-0.5|Init
test_1128|+0.5|+2
test_1129|Ignore|+1
test_1130|+1|Ignore
test_1131|+0.5|-2
test_1132|-1|Ignore
test_1133|0|Init
test_1134|-2|Init
test_1135|0|-1
test_1136|+1|Init
test_1137|Init|0
test_1138|0|-2
test_1139|+2|-2
test_1140|0|Ignore
test_1141|+0.5|0
test_1142|+1|+2
test_1143|Init|-0.5
test_1144|+0.5|+2
test_1145|-1|-2
test_1146|-2|+1
test_1147|-2|+2
test_1148|-0.5|+1
test_1149|-0.5|+1
test_1150|+1|+2
test_1151|+1|+0.5
test_1152|Ignore|0
test_1153|-0.5|+1
test_1154|-2|+2
test_1155|+1|+1
test_1156|-2|-1
test_1157|Init|0
test_1158|0|+2
test_1159|-0.5|+0.5
test_1160|0|+1
test_1161|-1|-2
test_1162|+1|Ignore
test_1163|+1|-2
test_1164|-0.5|Init
test_1165|Init|-2
test_1166|-1|0
test_1167|-2|+2
test_1168|+2|Ignore
test_1169|-2|0
test_1170|-1|-2
test_1171|0|Ignore
test_1172|0|+1
test_1173|-0.5|0
test_1174|0|+0.5
test_1175|+1|+1
test_1176|+1|+1
test_1177|0|Ignore
test_1178|+1|0
test_1179|Init|+2
test_1180|-1|Init
test_1181|Init|-1
test_1182|+1|Ignore
test_1183|-0.5|+2
test_1184|+1|-2
test_1185|-0.5|Ignore
test_1186|+2|Ignore
test_1187|+0.5|-2
test_1188|0|-0.5
test_1189|-2|0
test_1190|Ignore|Init
test_1191|Init|-0.5
test_1192|Ignore|+0.5
test_1193|-2|Init
test_1194|+2|-1
test_1195|0|0
test_1196|0|Ignore
test_1197|Init|+0.5
test_1198|-1|-0.5
test_1199|+1|-0.5
test_1200|-1|+2
test_1201|+2|+2
test_1202|Init|Ignore
test_1203|0|-1
test_1204|-1|-1
test_1205|-2|-0.5
test_1206|-2|+0.5
test_1207|+1|0
test_1208|Init|Ignore
test_1209|Ignore|Ignore
test_1210|+0.5|-2
test_1211|-0.5|Ignore
test_1212|Init|+0.5
test_1213|-0.5|+2
test_1214|+2|-2
test_1215|Init|-1
test_1216|+2|-2
test_1217|Init|+1
test_1218|+2|-1
test_1219|Init|-2
test_1220|Init|Ignore
test_1221|+0.5|-2
test_1222|-0.5|-1
test_1223|-0.5|-2
test_1224|-0.5|Init
test_1225|Ignore|+2
test_1226|-2|+1
test_1227|-0.5|-0.5
test_1228|+2|+0.5
test_1229|Init|Ignore
test_1230|Init|Ignore
test_1231|+2|0
test_1232|-0.5|Ignore
test_1233|Init|-2
test_1234|-0.5|+0.5
test_1235|-0.5|Init
test_1236|0|+0.5
test_1237|+0.5|0
test_1238|+1|0
test_1239|-2|Init
test_1240|0|-0.5
test_1241|Ignore|+2
test_1242|-1|-2
test_1243|-0.5|+2
test_1244|Ignore|+2
test_1245|-0.5|-1
test_1246|-2|0
test_1247|Ignore|0
test_1248|+2|Ignore
test_1249|0|+1
test_1250|-0.5|0
test_1251|-0.5|Init
test_1252|-2|Ignore
test_1253|+2|+2
test_1254|Ignore|Ignore
test_1255|+2|-2
test_1256|-0.5|-0.5
test_1257|0|Ignore
test_1258|+1|-1
test_1259|0|Ignore
test_1260|-2|Init
test_1261|-1|+2
test_1262|-1|-2
test_1263|-0.5|-0.5
test_1264|Ignore|Ignore
test_1265|Init|+2
test_1266|0|+1
test_1267|Init|+2
test_1268|+2|+2
test_1269|Init|-1
test_1270|Ignore|Init
test_1271|Ignore|-2
test_1272|-0.5|-0.5
test_1273|-0.5|-2
test_1274|-1|-2
test_1275|Ignore|-2
test_1276|+0.5|+2
test_1277|-2|+1
test_1278|-2|Ignore
test_1279|+2|0
test_1280|+0.5|+0.5
test_1281|0|-1
test_1282|+1|Ignore
test_1283|+0.5|-2
test_1284|+1|-1
test_1285|Init|+2
test_1286|-0.5|+1
test_1287|+1|0
test_1288|+2|-1
test_1289|-1|0
test_1290|+0.5|-1
test_1291|-0.5|+2
test_1292|+0.5|0
test_1293|+0.5|-2
test_1294|-0.5|+2
test_1295|Init|-2
test_1296|+1|+2
test_1297|-1|+0.5
test_1298|+0.5|-1
test_1299|-2|-1
test_1300|Ignore|-1
test_1301|+2|+0.5
test_1302|-2|-0.5
test_1303|-1|+0.5
test_1304|0|+1
test_1305|+0.5|0
test_1306|Ignore|Ignore
test_1307|+0.5|+0.5
test_1308|0|Ignore
test_1309|0|+1
test_1310|Init|0
test_1311|-0.5|Ignore
test_1312|+0.5|+2
test_1313|Ignore|Ignore
test_1314|Ignore|-0.5
test_1315|Ignore|-2
test_1316|0|+1
test_1317|0|-1
test_1318|-0.5|+1
test_1319|+2|Init
test_1320|-1|+2
test_1321|-2|+0.5
test_1322|+1|-0.5
test_1323|+2|-1
test_1324|0|Init
test_1325|+2|Init
test_1326|Ignore|Ignore
test_1327|-0.5|+0.5
test_1328|-0.5|+1
test_1329|0|-1
test_1330|-0.5|0
test_1331|+1|0
test_1332|+1|-0.5
test_1333|Init|+0.5
test_1334|Init|Ignore
test_1335|-0.5|+0.5
test_1336|+1|+2
test_1337|-1|0
test_1338|-0.5|+1
test_1339|Ignore|-1
test_1340|+1|Ignore
test_1341|+2|-2
test_1342|Init|-0.5
test_1343|+2|+1
test_1344|+0.5|+1
test_1345|+2|0
test_1346|-1|0
test_1347|-1|Ignore
test_1348|0|-2
test_1349|+2|-0.5
test_1350|+1|-1
test_1351|+2|+1
test_1352|+2|+0.5
test_1353|-2|-1
test_1354|-2|-2
test_1355|-0.5|-1
test_1356|+0.5|0
test_1357|-0.5|+0.5
test_1358|0|-0.5
test_1359|Init|-1
test_1360|-0.5|+0.5
test_1361|-0.5|+0.5
test_1362|Ignore|0
test_1363|0|+1
test_1364|+2|0
test_1365|-0.5|Ignore
test_1366|0|-2
test_1367|Init|0
test_1368|+2|-0.5
test_1369|0|-0.5
test_1370|-0.5|Init
test_1371|0|0
test_1372|+1|+0.5
test_1373|-1|Ignore
test_1374|0|Ignore
test_1375|0|+2
test_1376|Ignore|+1
test_1377|Ignore|0
test_1378|+2|Ignore
test_1379|-0.5|Ignore
test_1380|Init|+2
test_1381|-2|+1
test_1382|0|Init
test_1383|+1|+0.5
test_1384|-1|+1
test_1385|Ignore|0
test_1386|+2|+2
test_1387|0|Init
test_1388|-2|-0.5
test_1389|-1|Ignore
test_1390|+2|+0.5
test_1391|-2|-1
test_1392|+1|+1
test_1393|-1|+2
test_1394|Ignore|Ignore
test_1395|Ignore|Init
test_1396|Ignore|+2
test_1397|-0.5|-1
test_1398|-0.5|-2
test_1399|Init|Ignore
test_1400|-1|+1
test_1401|-1|0
test_1402|+2|+1
test_1403|+1|+1
test_1404|-2|+0.5
test_1405|+0.5|Ignore
test_1406|+1|-0.5
test_1407|+1|Init
test_1408|-2|Ignore
test_1409|-2|Init
test_1410|+1|+0.5
test_1411|+1|+2
test_1412|-2|+2
test_1413|Ignore|+1
test_1414|Init|Init
test_1415|+2|+0.5
test_1416|-0.5|+1
test_1417|+1|+1
test_1418|+2|Init
test_1419|+2|Ignore
test_1420|0|0
test_1421|+0.5|Init
test_1422|+1|+0.5
test_1423|Ignore|+2
test_1424|Init|-0.5
test_1425|Ignore|-1
test_1426|-2|+2
test_1427|Ignore|+0.5
test_1428|Init|+1
test_1429|-0.5|+2
test_1430|-2|+1
test_1431|+1|-2
test_1432|Init|0
test_1433|+0.5|-2
test_1434|0|-0.5
test_1435|+1|0
test_1436|-0.5|Ignore
test_1437|+1|-1
test_1438|+1|Init
test_1439|-2|+2
test_1440|-1|-0.5
test_1441|+2|+0.5
test_1442|+2|Ignore
test_1443|+1|-1
test_1444|+0.5|+2
test_1445|+1|Init
test_1446|-0.5|Ignore
test_1447|+1|-0.5
test_1448|+1|-2
test_1449|0|-0.5
test_1450|+0.5|+0.5
test_1451|-2|+1
test_1452|-1|Init
test_1453|-1|+2
test_1454|Init|+1
test_1455|-2|+0.5
test_1456|+2|+2
test_1457|+1|Ignore
test_1458|+2|-2
test_1459|+1|-1
test_1460|-0.5|-1
test_1461|+1|+2
test_1462|-1|+0.5
test_1463|+0.5|Init
test_1464|+0.5|-2
test_1465|+2|+2
test_1466|+1|+1
test_1467|-0.5|+1
test_1468|+2|Init
test_1469|Ignore|Ignore
test_1470|0|Ignore
test_1471|-0.5|Init
test_1472|Init|-0.5
test_1473|-0.5|+0.5
test_1474|-2|-2
test_1475|-0.5|+1
test_1476|-0.5|+1
test_1477|+1|+0.5
test_1478|+2|Init
test_1479|-0.5|-2
test_1480|+1|+0.5
test_1481|-0.5|Init
test_1482|+2|Init
test_1483|-1|-2
test_1484|Init|-1
test_1485|Ignore|-2
test_1486|+0.5|-2
test_1487|-2|+2
test_1488|-1|+1
test_1489|+2|-0.5
test_1490|0|+0.5
test_1491|-0.5|-1
test_1492|0|+0.5
test_1493|+1|0
test_1494|0|-2
test_1495|Ignore|-0.5
test_1496|+2|-2
test_1497|Ignore|Init
test_1498|-0.5|-1
test_1499|+1|-1
test_1500|Init|Init
test_1501|0|-0.5
test_1502|+0.5|Ignore
test_1503|-1|-0.5
test_1504|Ignore|-0.5
test_1505|Init|0
test_1506|+0.5|-1
test_1507|Ignore|+0.5
test_1508|Ignore|-1
test_1509|-0.5|+0.5
test_1510|-2|+2
test_1511|+0.5|+2
test_1512|+2|Ignore
test_1513|+1|+1
test_1514|-1|-2
test_1515|+2|Init
test_1516|-1|0
test_1517|+0.5|-0.5
test_1518|0|+0.5
test_1519|-0.5|+1
test_1520|Init|Init
test_1521|+0.5|Init
test_1522|-0.5|+0.5
test_1523|+2|+1
test_1524|+2|-2
test_1525|-1|+2
test_1526|+0.5|+0.5
test_1527|-1|-2
test_1528|-0.5|Init
test_1529|0|-0.5
test_1530|-1|+0.5
test_1531|Ignore|-2
test_1532|-2|+1
test_1533|0|Init
test_1534|+2|Init
test_1535|+1|0
test_1536|+1|-2
test_1537|+2|-2
test_1538|-0.5|Init
test_1539|Init|+2
test_1540|0|Ignore
test_1541|-0.5|+2
test_1542|-1|-1
test_1543|+2|-2
test_1544|-2|+0.5
test_1545|+2|+2
test_1546|-0.5|-1
test_1547|+2|0
test_1548|-1|-0.5
test_1549|+1|+2
test_1550|-0.5|-1
test_1551|0|0
test_1552|-1|-1
test_1553|+1|-0.5
test_1554|-2|+0.5
test_1555|-1|-1
test_1556|-0.5|+2
test_1557|Ignore|+1
test_1558|Ignore|+0.5
test_1559|-0.5|+0.5
test_1560|Ignore|+1
test_1561|-0.5|+2
test_1562|+1|Ignore
test_1563|0|Ignore
test_1564|Ignore|-1
test_1565|0|Ignore
test_1566|0|+1
test_1567|+0.5|0
test_1568|Init|-0.5
test_1569|Ignore|+1
test_1570|+1|0
test_1571|+1|Init
test_1572|0|+1
test_1573|+0.5|+2
test_1574|-0.5|Ignore
test_1575|0|-2
test_1576|Init|0
test_1577|-1|-2
test_1578|Ignore|+0.5
test_1579|Ignore|0
test_1580|+0.5|+2
test_1581|-2|-0.5
test_1582|Init|+2
test_1583|Ignore|-1
test_1584|+2|-1
test_1585|0|-2
test_1586|+0.5|Ignore
test_1587|+0.5|+1
test_1588|+0.5|-0.5
test_1589|Ignore|-2
test_1590|-2|+2
test_1591|Ignore|Ignore
test_1592|+0.5|-1
test_1593|Init|Ignore
test_1594|+1|-1
test_1595|-2|+0.5
test_1596|+0.5|0
test_1597|-2|+0.5
test_1598|-1|Ignore
test_1599|-0.5|-2
test_1600|-1|-0.5
test_1601|-2|+2
test_1602|-2|+1
test_1603|-2|+1
test_1604|Ignore|+1
test_1605|0|Init
test_1606|0|Init
test_1607|0|-0.5
test_1608|+2|Ignore
test_1609|Ignore|+1
test_1610|0|+0.5
test_1611|-0.5|-2
test_1612|Init|+2
test_1613|-2|+2
test_1614|0|+2
test_1615|-1|-1
test_1616|+2|-1
test_1617|-0.5|Ignore
test_1618|-2|+2
test_1619|+0.5|Ignore
test_1620|-0.5|Init
test_1621|Ignore|Init
test_1622|Init|0
test_1623|+1|Ignore
test_1624|Init|-2
test_1625|Ignore|+2
test_1626|+0.5|+0.5
test_1627|-1|+0.5
test_1628|0|-0.5
test_1629|+0.5|+0.5
test_1630|Init|+2
test_1631|+2|Ignore
test_1632|-2|+0.5
test_1633|0|+2
test_1634|Init|-2
test_1635|-1|+2
test_1636|Ignore|-2
test_1637|+2|0
test_1638|+2|Ignore
test_1639|Init|+2
test_1640|+0.5|+1
test_1641|-0.5|Init
test_1642|-1|0
test_1643|-1|+1
test_1644|+0.5|Init
test_1645|+2|Init
test_1646|0|-0.5
test_1647|-2|+1
test_1648|-2|+0.5
test_1649|Ignore|Ignore
test_1650|+2|-0.5
test_1651|-1|Init
test_1652|+1|Init
test_1653|-2|-2
test_1654|Ignore|-0.5
test_1655|-0.5|-1
test_1656|0|-1
test_1657|+2|+2
test_1658|-1|+0.5
test_1659|Init|-0.5
test_1660|0|+1
test_1661|-0.5|+0.5
test_1662|+1|-0.5
test_1663|Ignore|+2
test_1664|Ignore|-2
test_1665|-0.5|+2
test_1666|+0.5|-2
test_1667|Init|0
test_1668|-0.5|-2
test_1669|-1|0
test_1670|+0.5|+0.5
test_1671|Init|-0.5
test_1672|+0.5|-2
test_1673|-1|0
test_1674|-0.5|Ignore
test_1675|+2|+1
test_1676|Init|+1
test_1677|-1|+0.5
test_1678|+2|Init
test_1679|Ignore|+0.5
test_1680|-0.5|-1
test_1681|+0.5|+2
test_1682|+2|Ignore
test_1683|0|+1
test_1684|Init|Init
test_1685|-1|+1
test_1686|+0.5|0
test_1687|+2|-1
test_1688|0|+0.5
test_1689|Ignore|-1
test_1690|-0.5|-2
test_1691|-0.5|-2
test_1692|-1|-1
test_1693|+2|-2
test_1694|+1|+1
test_1695|0|+2
test_1696|+1|0
test_1697|-2|+0.5
test_1698|-0.5|0
test_1699|-1|Init
test_1700|0|-1
test_1701|0|0
test_1702|+2|+1
test_1703|+2|-2
test_1704|+2|-2
test_1705|Init|Ignore
test_1706|+2|-0.5
test_1707|+0.5|Init
test_1708|+2|-0.5
test_1709|0|Ignore
test_1710|0|Init
test_1711|-0.5|0
test_1712|0|+0.5
test_1713|-2|+2
test_1714|Ignore|Ignore
test_1715|-2|0
test_1716|-2|-0.5
test_1717|Init|Ignore
test_1718|-2|Init
test_1719|+2|-2
test_1720|0|+0.5
test_1721|Ignore|-2
test_1722|-2|-2
test_1723|Ignore|-0.5
test_1724|+2|-1
test_1725|+1|+1
test_1726|-2|0
test_1727|+1|-1
test_1728|+2|-1
test_1729|Ignore|+1
test_1730|-2|-2
test_1731|Init|Ignore
test_1732|+1|+1
test_1733|+1|-1
test_1734|-0.5|0
test_1735|+2|-1
test_1736|Init|Init
test_1737|Ignore|-0.5
test_1738|+1|+1
test_1739|+0.5|+1
test_1740|-2|0
test_1741|+2|-0.5
test_1742|0|Ignore
test_1743|-0.5|+1
test_1744|+2|-1
test_1745|+1|-1
test_1746|+1|-0.5
test_1747|0|+0.5
test_1748|0|-0.5
test_1749|-0.5|Init
test_1750|0|-2
test_1751|+2|-1
test_1752|-0.5|+2
test_1753|+0.5|0
test_1754|+2|Ignore
test_1755|-0.5|+0.5
test_1756|+1|-2
test_1757|0|+2
test_1758|-0.5|-2
test_1759|Ignore|+0.5
test_1760|+2|Ignore
test_1761|Ignore|Init
test_1762|-2|-0.5
test_1763|-0.5|Init
test_1764|Init|Ignore
test_1765|-0.5|+2
test_1766|-0.5|+1
test_1767|+2|+0.5
test_1768|-1|+0.5
test_1769|-2|+1
test_1770|Ignore|-1
test_1771|+2|Ignore
test_1772|+2|+0.5
test_1773|+0.5|0
test_1774|0|+0.5
test_1775|Init|-2
test_1776|-0.5|+2
test_1777|-1|Init
test_1778|0|Ignore
test_1779|+0.5|0
test_1780|-0.5|0
test_1781|0|-1
test_1782|-2|0
test_1783|Ignore|Ignore
test_1784|-1|Init
test_1785|Init|Ignore
test_1786|0|-0.5
test_1787|Init|-2
test_1788|0|+0.5
test_1789|Ignore|+1
test_1790|Ignore|Ignore
test_1791|Init|Ignore
test_1792|-0.5|-2
test_1793|+2|-2
test_1794|-2|-0.5
test_1795|-1|Init
test_1796|Ignore|+2
test_1797|-0.5|0
test_1798|Ignore|+0.5
test_1799|0|-1
test_1800|Init|Ignore
test_1801|-2|+1
test_1802|Init|-2
test_1803|+2|-2
test_1804|+0.5|+1
test_1805|Ignore|+0.5
test_1806|+0.5|+1
test_1807|+2|Ignore
test_1808|+0.5|-2
test_1809|+1|-0.5
test_1810|-0.5|Ignore
test_1811|-2|-2
test_1812|+1|-0.5
test_1813|-1|+0.5
test_1814|-0.5|-2
test_1815|+1|-2
test_1816|0|0
test_1817|+2|-0.5
test_1818|+1|-2
test_1819|Ignore|0
test_1820|+0.5|0
test_1821|Init|0
test_1822|+2|+1
test_1823|Ignore|-0.5
test_1824|+1|0
test_1825|+0.5|-0.5
test_1826|+0.5|-1
test_1827|Ignore|Init
test_1828|+0.5|-1
test_1829|+1|-1
test_1830|Init|-0.5
test_1831|+2|+2
test_1832|Init|0
test_1833|Init|0
test_1834|Ignore|+0.5
test_1835|+2|Ignore
test_1836|+2|Ignore
test_1837|+2|-2
test_1838|+2|+2
test_1839|Init|+1
test_1840|-0.5|Init
test_1841|-1|-2
test_1842|-2|0
test_1843|+0.5|+2
test_1844|0|+2
test_1845|+2|Init
test_1846|0|+2
test_1847|Ignore|+2
test_1848|-2|0
test_1849|-2|Ignore
test_1850|Init|+2
test_1851|-0.5|-1
test_1852|-0.5|-2
test_1853|-1|-0.5
test_1854|-1|-1
test_1855|Ignore|+1
test_1856|0|+2
test_1857|Ignore|-1
test_1858|-2|+1
test_1859|-2|-2
test_1860|+1|Init
test_1861|0|Init
test_1862|Init|-1
test_1863|+2|0
test_1864|Init|-2
test_1865|+0.5|-1
test_1866|-2|Init
test_1867|+0.5|Init
test_1868|+2|-0.5
test_1869|-0.5|Ignore
test_1870|Init|+1
test_1871|Init|0
test_1872|+2|-1
test_1873|+1|-2
test_1874|-0.5|-2
test_1875|0|+1
test_1876|-2|-1
test_1877|-2|+2
test_1878|-0.5|-0.5
test_1879|Init|+2
test_1880|+2|Ignore
test_1881|Init|+2
test_1882|-1|Init
test_1883|+2|+2
test_1884|+1|+2
test_1885|Ignore|-2
test_1886|+0.5|-0.5
test_1887|-2|Init
test_1888|-1|+1
test_1889|Ignore|+1
test_1890|Ignore|Init
test_1891|+2|Ignore
test_1892|0|-0.5
test_1893|-0.5|-1
test_1894|0|+0.5
test_1895|+1|-1
test_1896|-2|+2
test_1897|Ignore|+2
test_1898|Ignore|Init
test_1899|Ignore|Init
test_1900|-1|-2
test_1901|+0.5|-0.5
test_1902|0|+2
test_1903|+1|-0.5
test_1904|-0.5|Ignore
test_1905|-2|Ignore
test_1906|-2|-0.5
test_1907|0|-1
test_1908|Init|+2
test_1909|Ignore|+1
test_1910|-0.5|+2
test_1911|+0.5|-2
test_1912|+1|0
test_1913|0|-0.5
test_1914|+2|0
test_1915|+0.5|-1
test_1916|+1|+0.5
test_1917|-0.5|-2
test_1918|+1|+2
test_1919|-1|-2
test_1920|Ignore|-1
test_1921|0|-1
test_1922|+2|+0.5
test_1923|-0.5|Ignore
test_1924|+2|Ignore
test_1925|Init|-2
test_1926|Init|Ignore
test_1927|0|Ignore
test_1928|Ignore|0
test_1929|0|+2
test_1930|0|+0.5
test_1931|-1|-1
test_1932|Ignore|+2
test_1933|Ignore|-2
test_1934|+2|+0.5
test_1935|-2|-0.5
test_1936|+1|+2
test_1937|Ignore|-2
test_1938|0|+2
test_1939|0|+2
test_1940|-1|+2
test_1941|+0.5|-1
test_1942|Ignore|+0.5
test_1943|Ignore|-1
test_1944|-0.5|-1
test_1945|Ignore|+0.5
test_1946|-0.5|-1
test_1947|Ignore|+1
test_1948|0|Init
test_1949|0|Ignore
test_1950|0|-0.5
test_1951|0|+0.5
test_1952|-1|-1
test_1953|+1|-1
test_1954|-1|+2
test_1955|0|-1
test_1956|-0.5|-0.5
test_1957|-0.5|Init
test_1958|+2|Ignore
test_1959|0|-0.5
test_1960|+0.5|0
test_1961|Ignore|-0.5
test_1962|-0.5|Init
test_1963|0|+2
test_1964|0|+2
test_1965|-2|+0.5
test_1966|0|+1
test_1967|Ignore|+1
test_1968|Ignore|+0.5
test_1969|-1|-0.5
test_1970|-0.5|-2
test_1971|-2|Ignore
test_1972|-0.5|+1
test_1973|0|+0.5
test_1974|-2|+1
test_1975|Ignore|-2
test_1976|Ignore|-2
test_1977|Ignore|+2
test_1978|Init|+1
test_1979|-2|Ignore
test_1980|Init|-1
test_1981|-2|-2
test_1982|Ignore|-0.5
test_1983|-0.5|Ignore
test_1984|+0.5|-2
test_1985|+2|+0.5
test_1986|+1|Ignore
test_1987|+1|0
test_1988|+2|-0.5
test_1989|+2|-2
test_1990|-0.5|+0.5
test_1991|+0.5|0
test_1992|Ignore|-2
test_1993|-2|Ignore
test_1994|0|-0.5
test_1995|Init|-2
test_1996|Init|+2
test_1997|-0.5|+0.5
test_1998|Init|+1
test_1999|-0.5|-2
test_2000|-0.5|Init
test_2001|+0.5|-1
test_2002|Init|+1
test_2003|-2|+0.5
test_2004|Ignore|0
test_2005|-0.5|-2
test_2006|+2|+0.5
test_2007|+1|-0.5
test_2008|-1|-0.5
test_2009|+0.5|-2
test_2010|+2|-2
test_2011|+0.5|-0.5
test_2012|0|+2
test_2013|+2|+2
test_2014|-0.5|Init
test_2015|-1|Ignore
test_2016|+1|Init
test_2017|+2|+2
test_2018|-0.5|Init
test_2019|+0.5|+1
test_2020|Init|+0.5
test_2021|-2|-2
test_2022|0|+2
test_2023|+0.5|+2
test_2024|+1|+0.5
test_2025|+2|0
test_2026|-0.5|+2
test_2027|+0.5|+2
test_2028|-0.5|0
test_2029|-1|+1
test_2030|-2|Init
test_2031|Init|Ignore
test_2032|-2|-2
test_2033|+0.5|-0.5
test_2034|-1|Init
test_2035|+2|+0.5
test_2036|Ignore|Init
test_2037|+0.5|-1
test_2038|Init|+1
test_2039|-1|+1
test_2040|0|-0.5
test_2041|0|-1
test_2042|0|+1
test_2043|Init|Ignore
test_2044|+1|-1
test_2045|Ignore|-0.5
test_2046|+0.5|Ignore
test_2047|Init|-0.5
test_2048|+1|+0.5
test_2049|+1|+2
test_2050|+1|+0.5
test_2051|Ignore|+1
test_2052|+2|+2
test_2053|-2|-1
test_2054|Init|Init
test_2055|+0.5|+2
test_2056|Ignore|Ignore
test_2057|0|Init
test_2058|+2|+0.5
test_2059|0|+2
test_2060|+2|-2
test_2061|0|+1
test_2062|-2|0
test_2063|0|-1
test_2064|0|-1
test_2065|Init|-2
test_2066|+1|-0.5
test_2067|-2|-2
test_2068|-2|-1
test_2069|0|+0.5
test_2070|+1|+0.5
test_2071|Ignore|+2
test_2072|+0.5|+2
test_2073|+2|-0.5
test_2074|-1|-2
test_2075|-1|+2
test_2076|+2|-2
test_2077|+2|Ignore
test_2078|+1|Ignore
test_2079|0|-1
test_2080|Init|+0.5
test_2081|+0.5|+0.5
test_2082|-0.5|-1
test_2083|+2|-2
test_2084|+0.5|+0.5
test_2085|+0.5|+2
test_2086|-0.5|+2
test_2087|+0.5|Init
test_2088|-0.5|Ignore
test_2089|-2|-0.5
test_2090|-2|-2
test_2091|-2|+2
test_2092|+1|+1
test_2093|+2|-0.5
test_2094|+1|Ignore
test_2095|-0.5|-0.5
test_2096|-2|-2
test_2097|-2|-1
test_2098|+2|+2
test_2099|Ignore|+2
test_2100|Init|Init
test_2101|0|-0.5
test_2102|-1|0
test_2103|+2|+2
test_2104|-2|Init
test_2105|+2|-2
test_2106|Ignore|0
test_2107|+0.5|-0.5
test_2108|-2|Init
test_2109|-2|Init
test_2110|0|Init
test_2111|-0.5|+0.5
test_2112|0|0
test_2113|+1|+2
test_2114|-2|+0.5
test_2115|-2|+1
test_2116|+2|+0.5
test_2117|+0.5|+0.5
test_2118|0|+1
test_2119|Ignore|0
test_2120|-2|-1
test_2121|0|+1
test_2122|0|-1
test_2123|+1|-1
test_2124|+1|+0.5
test_2125|Ignore|-2
test_2126|0|-1
test_2127|-0.5|Init
test_2128|+2|0
test_2129|+0.5|Init
test_2130|+2|+1
test_2131|Ignore|0
test_2132|+0.5|-1
test_2133|Ignore|0
test_2134|+2|0
test_2135|+1|+1
test_2136|+2|Init
test_2137|-2|+0.5
test_2138|0|+2
test_2139|-2|-0.5
test_2140|Init|0
test_2141|-2|+1
test_2142|-2|+0.5
test_2143|Init|+1
test_2144|+2|+0.5
test_2145|+0.5|+0.5
test_2146|+0.5|-2
test_2147|+1|-2
test_2148|+2|+1
test_2149|-1|-2
test_2150|+1|+2
test_2151|+1|+0.5
test_2152|-1|-1
test_2153|+2|0
test_2154|0|+1
test_2155|-1|+2
test_2156|+2|+0.5
test_2157|-2|+0.5
test_2158|-0.5|+1
test_2159|+1|-2
test_2160|+0.5|+0.5
test_2161|-0.5|+1
test_2162|+1|Init
test_2163|-1|-2
test_2164|+2|-2
test_2165|-0.5|Init
test_2166|+2|Init
test_2167|-0.5|+1
test_2168|-1|Init
test_2169|+0.5|+1
test_2170|-1|+1
test_2171|+2|+1
test_2172|-2|Ignore
test_2173|+0.5|-0.5
test_2174|Ignore|0
test_2175|+0.5|0
test_2176|-2|-1
test_2177|-0.5|-0.5
test_2178|0|-1
test_2179|-2|Ignore
test_2180|Init|0
test_2181|+2|-0.5
test_2182|Ignore|Init
test_2183|+0.5|+2
test_2184|Init|-1
test_2185|-1|Ignore
test_2186|Ignore|Ignore
test_2187|+1|Init
test_2188|-0.5|0
test_2189|Ignore|-0.5
test_2190|-1|+0.5
test_2191|-2|0
test_2192|+2|0
test_2193|-1|+2
test_2194|0|Ignore
test_2195|+1|Init
test_2196|-1|Ignore
test_2197|Init|-1
test_2198|+2|Init
test_2199|0|-1
test_2200|Ignore|-0.5
test_2201|+2|+1
test_2202|-2|0
test_2203|+2|Ignore
test_2204|0|+0.5
test_2205|+2|Ignore
test_2206|+0.5|+1
test_2207|-0.5|0
test_2208|+1|-2
test_2209|+1|0
test_2210|Ignore|-0.5
test_2211|Init|-1
test_2212|+0.5|Ignore
test_2213|Init|0
test_2214|0|+1
test_2215|-0.5|+0.5
test_2216|-2|Init
test_2217|+0.5|0
test_2218|Ignore|-2
test_2219|+1|-1
test_2220|0|+1
test_2221|0|+0.5
test_2222|0|+0.5
test_2223|+2|+2
test_2224|-0.5|Ignore
test_2225|+2|+0.5
test_2226|-2|+1
test_2227|Init|+2
test_2228|-0.5|+2
test_2229|0|+2
test_2230|+1|-0.5
test_2231|+0.5|-2
test_2232|+0.5|0
test_2233|+1|Init
test_2234|-1|+2
test_2235|-1|-0.5
test_2236|-2|Ignore
test_2237|0|Init
test_2238|+0.5|-1
test_2239|+1|-1
test_2240|0|-1
test_2241|+2|+0.5
test_2242|-1|-2
test_2243|Ignore|Init
test_2244|+2|+0.5
test_2245|-0.5|+2
test_2246|Ignore|-2
test_2247|Ignore|0
test_2248|Init|Ignore
test_2249|-1|-1
test_2250|Init|Init
test_2251|-1|Init
test_2252|-2|0
test_2253|Init|-2
test_2254|+2|-2
test_2255|Init|+0.5
test_2256|+1|+0.5
test_2257|+2|+0.5
test_2258|-1|+0.5
test_2259|-0.5|+2
test_2260|+1|+0.5
test_2261|-0.5|+2
test_2262|-2|Ignore
test_2263|+2|0
test_2264|0|-2
test_2265|-2|+0.5
test_2266|Init|-2
test_2267|-0.5|+1
test_2268|0|Ignore
test_2269|+0.5|-1
test_2270|+0.5|0
test_2271|-0.5|0
test_2272|Ignore|-1
test_2273|Init|Init
test_2274|+2|+0.5
test_2275|-2|+1
test_2276|+1|-1
test_2277|+0.5|0
test_2278|-0.5|-2
test_2279|+2|+0.5
test_2280|Ignore|Init
test_2281|0|Ignore
test_2282|0|-2
test_2283|Init|+0.5
test_2284|-2|-1
test_2285|-1|Init
test_2286|+1|Init
test_2287|0|Init
test_2288|Init|-2
test_2289|Ignore|-0.5
test_2290|-1|0
test_2291|+1|-2
test_2292|+1|-1
test_2293|-0.5|0
test_2294|-0.5|-2
test_2295|Ignore|-1
test_2296|0|-0.5
test_2297|-0.5|-0.5
test_2298|-0.5|Ignore
test_2299|-2|Ignore
test_2300|-2|Ignore
test_2301|Ignore|-2
test_2302|+0.5|+2
test_2303|+2|Init
test_2304|0|Init
test_2305|0|0
test_2306|0|+0.5
test_2307|Init|+1
test_2308|Ignore|-0.5
test_2309|Init|Ignore
test_2310|+0.5|Ignore
test_2311|+2|-2
test_2312|Ignore|+1
test_2313|+2|Ignore
test_2314|-0.5|-2
test_2315|-1|Ignore
test_2316|+1|+1
test_2317|-2|-1
test_2318|-0.5|-1
test_2319|-1|+0.5
test_2320|+2|Ignore
test_2321|+1|Init
test_2322|Ignore|Ignore
test_2323|0|-0.5
test_2324|-0.5|+2
test_2325|+0.5|0
test_2326|0|+2
test_2327|Ignore|+2
test_2328|+0.5|-0.5
test_2329|-2|-0.5
test_2330|-1|-1
test_2331|-0.5|Ignore
test_2332|+2|Init
test_2333|-0.5|Ignore
test_2334|+2|-2
test_2335|Init|-1
test_2336|0|-1
test_2337|-2|-0.5
test_2338|-2|+1
test_2339|Init|+1
test_2340|-0.5|-0.5
test_2341|Ignore|+0.5
test_2342|+1|+1
test_2343|+0.5|Init
test_2344|+2|+2
test_2345|+1|-0.5
test_2346|+0.5|Init
test_2347|0|Init
test_2348|-1|-2
test_2349|+2|-1
test_2350|-1|-0.5
test_2351|+1|Init
test_2352|0|+0.5
test_2353|0|-1
test_2354|+2|+2
test_2355|Ignore|+2
test_2356|0|-1
test_2357|-2|0
test_2358|-1|Init
test_2359|-0.5|-2
test_2360|+0.5|+2
test_2361|-0.5|-2
test_2362|-1|+0.5
test_2363|Init|Ignore
test_2364|0|-1
test_2365|0|+2
test_2366|Init|+2
test_2367|-0.5|+0.5
test_2368|+0.5|+2
test_2369|+2|-1
test_2370|+2|0
test_2371|0|Ignore
test_2372|-0.5|Init
test_2373|-2|-2
test_2374|Ignore|-0.5
test_2375|+2|Init
test_2376|Ignore|0
test_2377|-1|Init
test_2378|-1|+0.5
test_2379|0|+0.5
test_2380|+1|+2
test_2381|+2|Ignore
test_2382|Init|+1
test_2383|+0.5|+2
test_2384|-0.5|Ignore
test_2385|-1|-1
test_2386|+0.5|Ignore
test_2387|+0.5|-2
test_2388|0|Ignore
test_2389|-0.5|+1
test_2390|Init|-0.5
test_2391|Ignore|+0.5
test_2392|0|-1
test_2393|-2|Init
test_2394|-1|0
test_2395|-0.5|+2
test_2396|+2|+0.5
test_2397|Init|+0.5
test_2398|+1|-1
test_2399|Ignore|+2
test_2400|-0.5|-2
test_2401|Init|+1
test_2402|+0.5|+2
test_2403|-2|Ignore
test_2404|Ignore|-2
test_2405|-1|Init
test_2406|+2|-1
test_2407|-2|+1
test_2408|+1|-0.5
test_2409|+2|0
test_2410|0|+1
test_2411|-1|-1
test_2412|-1|+2
test_2413|-2|Init
test_2414|-0.5|+2
test_2415|-0.5|Ignore
test_2416|+1|-0.5
test_2417|-2|-1
test_2418|-2|-0.5
test_2419|+1|Init
test_2420|+0.5|+0.5
test_2421|-1|+2
test_2422|-1|+0.5
test_2423|Ignore|-0.5
test_2424|Init|+0.5
test_2425|+0.5|-0.5
test_2426|Ignore|-0.5
test_2427|Init|Ignore
test_2428|+1|Init
test_2429|+1|Init
test_2430|Ignore|-0.5
test_2431|Init|+2
test_2432|+2|+0.5
test_2433|-0.5|-1
test_2434|+1|Init
test_2435|-1|+1
test_2436|+1|-2
test_2437|+0.5|+0.5
test_2438|-1|Ignore
test_2439|+0.5|0
test_2440|+1|+0.5
test_2441|-2|+2
test_2442|+0.5|0
test_2443|Ignore|+2
test_2444|Ignore|Init
test_2445|Init|0
test_2446|+2|+1
test_2447|-2|-0.5
test_2448|+2|+1
test_2449|-1|-2
test_2450|0|+1
test_2451|-1|Init
test_2452|0|+0.5
test_2453|-1|+1
test_2454|-1|-1
test_2455|0|0
test_2456|+2|Init
test_2457|-1|+2
test_2458|Ignore|-0.5
test_2459|+2|+1
test_2460|Ignore|Ignore
test_2461|-1|-1
test_2462|-1|Init
test_2463|-1|-0.5
test_2464|+1|-1
test_2465|+2|+2
test_2466|+2|-2
test_2467|+1|+1
test_2468|+0.5|-0.5
test_2469|+0.5|+1
test_2470|0|0
test_2471|Init|-0.5
test_2472|+0.5|-1
test_2473|+0.5|Init
test_2474|-1|-0.5
test_2475|0|Init
test_2476|+0.5|+1
test_2477|-2|Ignore
test_2478|+0.5|-1
test_2479|Init|+2
test_2480|+2|Init
test_2481|+2|Ignore
test_2482|Init|-0.5
test_2483|-0.5|+1
test_2484|-1|-2
test_2485|+1|+1
test_2486|0|0
test_2487|-2|0
test_2488|Ignore|-0.5
test_2489|Init|+0.5
test_2490|-1|+0.5
test_2491|+0.5|0
test_2492|+1|0
test_2493|Ignore|Ignore
test_2494|-0.5|Ignore
test_2495|-1|Init
test_2496|-1|-2
test_2497|Ignore|+2
test_2498|-2|0
test_2499|+1|-2
test_2500|0|+0.5
test_2501|+2|-2
test_2502|+1|+1
test_2503|-2|+1
test_2504|-1|Ignore
test_2505|+2|0
test_2506|+2|+2
test_2507|Ignore|Ignore
test_2508|+1|+1
test_2509|Init|Init
test_2510|+1|+1
test_2511|+2|+0.5
test_2512|Ignore|Init
test_2513|Init|-1
test_2514|+2|+0.5
test_2515|-0.5|0
test_2516|+0.5|-2
test_2517|+0.5|Ignore
test_2518|+0.5|+0.5
test_2519|-1|-1
test_2520|+0.5|+1
test_2521|Init|Ignore
test_2522|+2|+1
test_2523|-2|+0.5
test_2524|+2|+2
test_2525|-1|-2
test_2526|+1|-2
test_2527|0|Init
test_2528|-1|-0.5
test_2529|-0.5|+1
test_2530|Ignore|+1
test_2531|Init|Init
test_2532|-0.5|-2
test_2533|-1|0
test_2534|0|Ignore
test_2535|+0.5|+2
test_2536|Ignore|-0.5
test_2537|-0.5|-0.5
test_2538|0|Ignore
test_2539|0|+1
test_2540|-0.5|+1
test_2541|+1|+0.5
test_2542|+2|-1
test_2543|-1|-0.5
test_2544|+2|0
test_2545|0|-0.5
test_2546|+0.5|-2
test_2547|Init|Init
test_2548|+2|-2
test_2549|-0.5|+2
test_2550|+2|Init
test_2551|+0.5|-2
test_2552|+0.5|-2
test_2553|-1|Init
test_2554|+2|Ignore
test_2555|0|-0.5
test_2556|-1|Init
test_2557|+2|0
test_2558|-1|-0.5
test_2559|+2|Ignore
test_2560|-0.5|+0.5
test_2561|-1|+0.5
test_2562|+1|+2
test_2563|Ignore|-2
test_2564|-0.5|Init
test_2565|0|-0.5
test_2566|-1|Ignore
test_2567|-0.5|+0.5
test_2568|+0.5|+1
test_2569|-0.5|Init
test_2570|+2|-1
test_2571|Init|0
test_2572|0|-2
test_2573|-1|+1
test_2574|+1|+2
test_2575|-1|+2
test_2576|-0.5|-0.5
test_2577|-1|+0.5
test_2578|-2|+1
test_2579|+2|-1
test_2580|-2|-0.5
test_2581|-1|-1
test_2582|+1|+2
test_2583|0|0
test_2584|Ignore|-1
test_2585|0|+2
test_2586|+0.5|-0.5
test_2587|+0.5|-1
test_2588|0|-1
test_2589|-1|-2
test_2590|-0.5|+2
test_2591|+1|-2
test_2592|Init|+2
test_2593|0|Init
test_2594|-1|-1
test_2595|Ignore|0
test_2596|+0.5|-2
test_2597|Init|Ignore
test_2598|Init|+2
test_2599|-1|-2
test_2600|-0.5|Init
test_2601|+2|-0.5
test_2602|Init|+2
test_2603|0|+0.5
test_2604|+2|Ignore
test_2605|0|0
test_2606|-2|Init
test_2607|0|+1
test_2608|+1|0
test_2609|-0.5|-0.5
test_2610|0|+0.5
test_2611|+1|+2
test_2612|+0.5|+1
test_2613|+0.5|+2
test_2614|-0.5|-2
test_2615|-0.5|Ignore
test_2616|+2|-1
test_2617|-1|-0.5
test_2618|-1|-1
test_2619|-2|Ignore
test_2620|Ignore|-1
test_2621|+0.5|Ignore
test_2622|-1|-2
test_2623|-1|0
test_2624|-1|+0.5
test_2625|-2|-0.5
test_2626|+1|+2
test_2627|+2|-2
test_2628|+2|-2
test_2629|+2|-0.5
test_2630|-1|+1
test_2631|+1|-1
test_2632|-0.5|Init
test_2633|+1|Ignore
test_2634|-1|Init
test_2635|+0.5|+1
test_2636|-0.5|-2
test_2637|+2|-2
test_2638|-1|0
test_2639|-2|Init
test_2640|Ignore|+0.5
test_2641|+0.5|+2
test_2642|Ignore|-0.5
test_2643|0|+1
test_2644|-2|-0.5
test_2645|-0.5|-0.5
test_2646|+0.5|Init
test_2647|+0.5|-0.5
test_2648|+2|-2
test_2649|0|+0.5
test_2650|0|+0.5
test_2651|-2|-1
test_2652|-0.5|+1
test_2653|-0.5|-0.5
test_2654|Ignore|-2
test_2655|+1|+0.5
test_2656|-2|+0.5
test_2657|+1|-1
test_2658|0|+0.5
test_2659|0|-0.5
test_2660|+2|+0.5
test_2661|+0.5|+0.5
test_2662|+1|-2
test_2663|+2|0
test_2664|0|Init
test_2665|+1|+2
test_2666|+1|-2
test_2667|-2|Init
test_2668|Ignore|+1
test_2669|0|-1
test_2670|+0.5|Init
test_2671|-0.5|+0.5
test_2672|0|-2
test_2673|Ignore|0
test_2674|-1|+1
test_2675|Ignore|-0.5
test_2676|+0.5|-2
test_2677|Ignore|+0.5
test_2678|-1|0
test_2679|+1|-0.5
test_2680|-0.5|-1
test_2681|Init|-0.5
test_2682|Init|+1
test_2683|-1|Init
test_2684|Ignore|+2
test_2685|+0.5|-0.5
test_2686|+1|+2
test_2687|+0.5|-1
test_2688|Ignore|-0.5
test_2689|0|Ignore
test_2690|-2|+0.5
test_2691|-1|-0.5
test_2692|-1|Init
test_2693|Init|+0.5
test_2694|-0.5|0
test_2695|-0.5|-2
test_2696|+1|Init
test_2697|+0.5|0
test_2698|+2|Init
test_2699|-1|Ignore
test_2700|+2|+2
test_2701|-1|+2
test_2702|+0.5|-2
test_2703|-1|Ignore
test_2704|Ignore|Init
test_2705|-1|-1
test_2706|-1|0
test_2707|Ignore|-1
test_2708|0|+2
test_2709|0|0
test_2710|+2|0
test_2711|-0.5|+2
test_2712|0|+2
test_2713|-0.5|Init
test_2714|-1|-0.5
test_2715|-1|-1
test_2716|+1|-1
test_2717|-0.5|Init
test_2718|+1|-1
test_2719|-0.5|-2
test_2720|+2|-0.5
test_2721|-1|-0.5
test_2722|Init|Init
test_2723|0|-2
test_2724|+0.5|-0.5
test_2725|+0.5|-2
test_2726|-1|+0.5
test_2727|0|-2
test_2728|0|0
test_2729|-0.5|+0.5
test_2730|-0.5|-1
test_2731|-1|-1
test_2732|+1|+2
test_2733|+0.5|Init
test_2734|Ignore|Ignore
test_2735|Init|-0.5
test_2736|-0.5|Ignore
test_2737|-0.5|-2
test_2738|+0.5|+0.5
test_2739|0|-0.5
test_2740|0|-1
test_2741|-0.5|+2
test_2742|-2|-1
test_2743|-2|Init
test_2744|+0.5|-0.5
test_2745|+1|-2
test_2746|+0.5|0
test_2747|Ignore|+2
test_2748|-0.5|+1
test_2749|+2|Init
test_2750|+0.5|-2
test_2751|Ignore|+2
test_2752|-0.5|Ignore
test_2753|+1|+0.5
test_2754|-2|-2
test_2755|+0.5|0
test_2756|Init|+1
test_2757|+1|0
test_2758|Init|-1
test_2759|+2|+1
test_2760|+1|-0.5
test_2761|Init|Ignore
test_2762|-0.5|-0.5
test_2763|+0.5|0
test_2764|+2|Init
test_2765|0|+0.5
test_2766|+0.5|-0.5
test_2767|Ignore|Init
test_2768|Ignore|Ignore
test_2769|+0.5|-1
test_2770|-1|+1
test_2771|-2|-2
test_2772|0|-1
test_2773|0|+1
test_2774|-2|0
test_2775|-2|0
test_2776|-1|0
test_2777|Init|-2
test_2778|Ignore|0
test_2779|0|+1
test_2780|+1|-1
test_2781|+1|-1
test_2782|Ignore|Ignore
test_2783|Ignore|-1
test_2784|-1|-1
test_2785|0|+1
test_2786|-1|-1
test_2787|-1|Init
test_2788|Init|+0.5
test_2789|Init|Ignore
test_2790|-2|0
test_2791|-1|Init
test_2792|0|+0.5
test_2793|Init|+2
test_2794|+2|Ignore
test_2795|+1|-2
test_2796|-1|0
test_2797|+1|+0.5
test_2798|+2|-0.5
test_2799|+2|-1
test_2800|-2|-0.5
test_2801|Init|+1
test_2802|+2|0
test_2803|Init|Ignore
test_2804|-2|+1
test_2805|Init|0
test_2806|-1|-0.5
test_2807|+0.5|Ignore
test_2808|+2|+0.5
test_2809|+2|+2
test_2810|-1|-0.5
test_2811|0|+2
test_2812|Init|-0.5
test_2813|+2|Init
test_2814|Init|-2
test_2815|+2|+1
test_2816|+2|Init
test_2817|Init|-0.5
test_2818|+0.5|0
test_2819|-1|-1
test_2820|+1|-0.5
test_2821|-2|+1
test_2822|-1|0
test_2823|Init|Ignore
test_2824|+1|-0.5
test_2825|0|-2
test_2826|0|Init
test_2827|-0.5|-1
test_2828|+0.5|+2
test_2829|-1|-0.5
test_2830|+0.5|Init
test_2831|Init|Ignore
test_2832|-1|+2
test_2833|+0.5|Init
test_2834|+0.5|Init
test_2835|Ignore|-1
test_2836|+1|+2
test_2837|+2|+2
test_2838|+0.5|+2
test_2839|+0.5|+1
test_2840|Init|+0.5
test_2841|-2|+0.5
test_2842|-2|Init
test_2843|Ignore|-0.5
test_2844|Ignore|+0.5
test_2845|+2|-0.5
test_2846|Ignore|Ignore
test_2847|-0.5|Ignore
test_2848|Init|0
test_2849|-2|+1
test_2850|+0.5|Ignore
test_2851|-0.5|-0.5
test_2852|-2|+1
test_2853|+0.5|+0.5
test_2854|+2|-1
test_2855|-2|-2
test_2856|+0.5|-2
test_2857|+2|Init
test_2858|-0.5|0
test_2859|-0.5|Ignore
test_2860|-1|+1
test_2861|0|Ignore
test_2862|-0.5|+2
test_2863|-2|Ignore
test_2864|-0.5|-2
test_2865|-2|0
test_2866|0|+0.5
test_2867|Ignore|+1
test_2868|0|0
test_2869|+0.5|0
test_2870|-0.5|+1
test_2871|-1|Init
test_2872|+0.5|-0.5
test_2873|+0.5|+1
test_2874|Init|-1
test_2875|-1|+1
test_2876|-1|+1
test_2877|+0.5|Ignore
test_2878|-0.5|0
test_2879|-2|-1
test_2880|+0.5|-0.5
test_2881|+2|Ignore
test_2882|Ignore|Init
test_2883|-1|+2
test_2884|Ignore|-1
test_2885|+2|+2
test_2886|Init|+2
test_2887|Init|Init
test_2888|+0.5|0
test_2889|+2|Ignore
test_2890|0|-0.5
test_2891|-0.5|+2
test_2892|Ignore|0
test_2893|+1|0
test_2894|Init|+0.5
test_2895|Ignore|Init
test_2896|-1|-1
test_2897|0|0
test_2898|+1|Ignore
test_2899|-1|+0.5
test_2900|0|0
test_2901|+1|-0.5
test_2902|+1|-2
test_2903|-0.5|0
test_2904|+2|0
test_2905|0|-0.5
test_2906|+0.5|Init
test_2907|0|Ignore
test_2908|-1|-2
test_2909|+1|+0.5
test_2910|-0.5|0
test_2911|Ignore|Ignore
test_2912|Ignore|-2
test_2913|+2|Ignore
test_2914|+2|Init
test_2915|Ignore|-2
test_2916|-0.5|0
test_2917|0|+0.5
test_2918|0|+1
test_2919|0|+0.5
test_2920|-1|Ignore
test_2921|0|Init
test_2922|-0.5|-1
test_2923|-1|+2
test_2924|+2|0
test_2925|-2|+2
test_2926|-1|-1
test_2927|+1|0
test_2928|-2|0
test_2929|0|Ignore
test_2930|Ignore|+0.5
test_2931|+0.5|-2
test_2932|Ignore|+0.5
test_2933|+1|Init
test_2934|-1|0
test_2935|0|-0.5
test_2936|+1|-2
test_2937|Ignore|-0.5
test_2938|+2|+2
test_2939|-2|+0.5
test_2940|-1|0
test_2941|+2|0
test_2942|-1|Init
test_2943|+1|Ignore
test_2944|+1|-1
test_2945|-1|Ignore
test_2946|+1|Init
test_2947|-1|-2
test_2948|-0.5|-2
test_2949|0|Init
test_2950|Ignore|+1
test_2951|+0.5|-1
test_2952|0|-2
test_2953|+0.5|-2
test_2954|+1|+2
test_2955|+2|+0.5
test_2956|-0.5|-1
test_2957|-0.5|Init
test_2958|0|+2
test_2959|0|+1
test_2960|-1|-1
test_2961|+2|+2
test_2962|Init|-0.5
test_2963|Init|+2
test_2964|+0.5|+0.5
test_2965|-0.5|0
test_2966|-1|Ignore
test_2967|+2|-2
test_2968|-1|+2
test_2969|+2|+2
test_2970|-1|Init
test_2971|-1|+1
test_2972|+0.5|-0.5
test_2973|-1|+1
test_2974|0|-0.5
test_2975|-0.5|Ignore
test_2976|-0.5|-1
test_2977|+0.5|0
test_2978|Ignore|-2
test_2979|+1|-2
test_2980|+1|0
test_2981|+0.5|+0.5
test_2982|-2|+1
test_2983|+0.5|Ignore
test_2984|Ignore|Ignore
test_2985|Ignore|-0.5
test_2986|+0.5|Init
test_2987|+1|Init
test_2988|+1|-2
test_2989|Ignore|-2
test_2990|-1|+0.5
test_2991|+0.5|+1
test_2992|+1|+1
test_2993|+1|+1
test_2994|+1|Ignore
test_2995|-1|-2
test_2996|-0.5|Init
test_2997|-2|-2
test_2998|+0.5|+1
test_2999|-2|Ignore
test_3000|-1|0
test_3001|-1|+0.5
test_3002|+2|0
test_3003|-2|-0.5
test_3004|-1|0
test_3005|-0.5|+1
test_3006|+0.5|-2
test_3007|0|Init
test_3008|-2|0
test_3009|Ignore|0
test_3010|0|+2
test_3011|Init|0
test_3012|+2|-2
test_3013|-0.5|Init
test_3014|-1|Init
test_3015|+1|+2
test_3016|+1|+0.5
test_3017|+0.5|Ignore
test_3018|-0.5|Init
test_3019|0|Init
test_3020|-1|+0.5
test_3021|0|-0.5
test_3022|0|+1
test_3023|Init|0
test_3024|-1|Ignore
test_3025|+2|-1
test_3026|-0.5|-1
test_3027|Ignore|-2
test_3028|+1|0
test_3029|Ignore|-0.5
test_3030|+0.5|Init
test_3031|Ignore|+1
test_3032|+2|+2
test_3033|-1|Ignore
test_3034|-1|Init
test_3035|+1|+1
test_3036|-2|0
test_3037|-2|+0.5
test_3038|+2|Ignore
test_3039|Ignore|+1
test_3040|0|Ignore
test_3041|Init|-1
test_3042|-0.5|+2
test_3043|-1|Ignore
test_3044|Init|+0.5
test_3045|+0.5|Init
test_3046|0|Init
test_3047|0|Ignore
test_3048|+0.5|-0.5
test_3049|0|-0.5
test_3050|+1|-2
test_3051|Init|-0.5
test_3052|Init|-1
test_3053|+2|0
test_3054|-0.5|-0.5
test_3055|Ignore|Init
test_3056|-2|-1
test_3057|+1|-1
test_3058|+0.5|Ignore
test_3059|-0.5|0
test_3060|Init|Ignore
test_3061|+0.5|-1
test_3062|+2|+2
test_3063|-1|0
test_3064|+2|0
test_3065|-2|Ignore
test_3066|Ignore|+1
test_3067|0|+2
test_3068|Ignore|-2
test_3069|-0.5|0
test_3070|-1|-0.5
test_3071|+0.5|-0.5
test_3072|-0.5|+2
test_3073|+0.5|-1
test_3074|+0.5|+2
test_3075|-1|Ignore
test_3076|-1|-2
test_3077|-1|+0.5
test_3078|Ignore|Ignore
test_3079|-1|Ignore
test_3080|+0.5|Ignore
test_3081|-0.5|Ignore
test_3082|Ignore|-0.5
test_3083|Ignore|Init
test_3084|-1|+1
test_3085|+2|+1
test_3086|+1|Ignore
test_3087|+2|Init
test_3088|Ignore|-0.5
test_3089|+1|+0.5
test_3090|-2|Init
test_3091|-0.5|Init
test_3092|-1|+2
test_3093|-2|-1
test_3094|0|Ignore
test_3095|+0.5|-0.5
test_3096|Init|+0.5
test_3097|Ignore|Init
test_3098|Init|-0.5
test_3099|Init|Ignore
test_3100|+1|+2
test_3101|+1|+2
test_3102|0|Init
test_3103|+1|-0.5
test_3104|0|0
test_3105|-0.5|+1
test_3106|-0.5|Init
test_3107|-1|+1
test_3108|-2|+0.5
test_3109|+2|Init
test_3110|-0.5|+1
test_3111|Init|Ignore
test_3112|-0.5|0
test_3113|Ignore|+0.5
test_3114|-2|+1
test_3115|0|Init
test_3116|-2|-1
test_3117|+1|0
test_3118|-2|Ignore
test_3119|Ignore|+1
test_3120|-1|Ignore
test_3121|0|Init
test_3122|-2|Init
test_3123|-1|Init
test_3124|+2|Ignore
test_3125|0|Init
test_3126|-2|+0.5
test_3127|0|+0.5
test_3128|-2|-1
test_3129|-0.5|+2
test_3130|-2|-2
test_3131|+2|-0.5
test_3132|-0.5|-1
test_3133|+2|+0.5
test_3134|0|0
test_3135|+1|+0.5
test_3136|Init|Ignore
test_3137|-1|Init
test_3138|+2|Init
test_3139|+1|+1
test_3140|Init|-1
test_3141|-1|0
test_3142|+1|+0.5
test_3143|Init|+0.5
test_3144|Init|-1
test_3145|+0.5|+0.5
test_3146|+0.5|-0.5
test_3147|-0.5|Ignore
test_3148|+2|0
test_3149|Ignore|-0.5
test_3150|+0.5|+1
test_3151|+1|Init
test_3152|Ignore|-1
test_3153|Init|+1
test_3154|-1|Init
test_3155|+1|Ignore
test_3156|0|0
test_3157|0|+0.5
test_3158|-2|0
test_3159|Init|+2
test_3160|Ignore|0
test_3161|+2|-2
test_3162|+0.5|Ignore
test_3163|Ignore|0
test_3164|+1|+1
test_3165|+1|-1
test_3166|+1|+0.5
test_3167|Init|-1
test_3168|-0.5|0
test_3169|0|-1
test_3170|Init|+2
test_3171|+2|Ignore
test_3172|+1|Init
test_3173|Init|Init
test_3174|Init|0
test_3175|0|+1
test_3176|-2|+1
test_3177|+1|+1
test_3178|+0.5|+1
test_3179|Ignore|-0.5
test_3180|Ignore|-0.5
test_3181|Init|Init
test_3182|+2|-0.5
test_3183|-1|+2
test_3184|Init|-2
test_3185|+0.5|-2
test_3186|+0.5|Init
test_3187|+2|Ignore
test_3188|+1|+2
test_3189|Ignore|-0.5
test_3190|-0.5|0
test_3191|+1|-1
test_3192|Init|+2
test_3193|0|-1
test_3194|-2|+2
test_3195|+2|-1
test_3196|+0.5|0
test_3197|-0.5|0
test_3198|-1|+0.5
test_3199|0|Init
test_3200|+2|Init
test_3201|+1|-0.5
test_3202|-2|-2
test_3203|-1|+1
test_3204|Ignore|+0.5
test_3205|+0.5|+2
test_3206|-2|-1
test_3207|-2|-2
test_3208|+2|-2
test_3209|-0.5|0
test_3210|Init|-0.5
test_3211|Init|0
test_3212|-2|-0.5
test_3213|Init|+0.5
test_3214|-2|-2
test_3215|-1|-2
test_3216|-2|Init
test_3217|-2|+1
test_3218|+1|-2
test_3219|+2|+0.5
test_3220|Init|-1
test_3221|Ignore|0
test_3222|+0.5|+0.5
test_3223|-0.5|-1
test_3224|Init|-1
test_3225|+2|Ignore
test_3226|0|-0.5
test_3227|-0.5|+0.5
test_3228|+1|Ignore
test_3229|-1|Init
test_3230|-0.5|0
test_3231|-1|-2
test_3232|-1|0
test_3233|Init|-0.5
test_3234|0|+0.5
test_3235|0|+0.5
test_3236|-0.5|+2
test_3237|Init|+2
test_3238|+0.5|+1
test_3239|+2|Ignore
test_3240|-2|+2
test_3241|+0.5|-2
test_3242|-1|Init
test_3243|-0.5|-0.5
test_3244|+0.5|-2
test_3245|+0.5|+0.5
test_3246|+2|+0.5
test_3247|0|-1
test_3248|Init|-1
test_3249|-1|-0.5
test_3250|0|Init
test_3251|+2|0
test_3252|-2|-1
test_3253|+0.5|+1
test_3254|0|Init
test_3255|-1|+1
test_3256|+0.5|-1
test_3257|-2|-0.5
test_3258|0|+2
test_3259|0|Init
test_3260|-1|-2
test_3261|-0.5|Init
test_3262|Init|Init
test_3263|0|-1
test_3264|Ignore|Init
test_3265|-0.5|0
test_3266|+2|+0.5
test_3267|+2|Init
test_3268|+1|-0.5
test_3269|Init|+1
test_3270|Init|+0.5
test_3271|Init|-1
test_3272|-2|Init
test_3273|Ignore|0
test_3274|-0.5|+1
test_3275|+1|-2
test_3276|+0.5|-1
test_3277|0|+2
test_3278|+0.5|-1
test_3279|+0.5|-0.5
test_3280|-0.5|+1
test_3281|-1|-1
test_3282|+1|+2
test_3283|+1|-0.5
test_3284|+0.5|-2
test_3285|0|-1
test_3286|-0.5|+1
test_3287|-2|Init
test_3288|0|+0.5
test_3289|-0.5|0
test_3290|+2|+2
test_3291|-2|+0.5
test_3292|Init|-2
test_3293|0|+0.5
test_3294|+0.5|-0.5
test_3295|0|+0.5
test_3296|Ignore|+0.5
test_3297|+0.5|0
test_3298|+2|Init
test_3299|Init|-1
test_3300|0|Ignore
test_3301|0|-1
test_3302|-0.5|0
test_3303|+1|+2
test_3304|+1|+0.5
test_3305|+0.5|Ignore
test_3306|-0.5|Init
test_3307|Ignore|0
test_3308|0|+0.5
test_3309|Ignore|-0.5
test_3310|-0.5|Init
test_3311|+2|+1
test_3312|+0.5|+1
test_3313|Init|+2
test_3314|-1|Ignore
test_3315|Init|-1
test_3316|Init|+1
test_3317|-0.5|Init
test_3318|-1|-1
test_3319|0|0
test_3320|-0.5|-2
test_3321|-2|+2
test_3322|-1|-1
test_3323|-1|+1
test_3324|Init|Init
test_3325|0|-1
test_3326|Ignore|+0.5
test_3327|-1|+1
test_3328|-1|-2
test_3329|-2|-2
test_3330|-2|+2
test_3331|-2|+1
test_3332|Init|0
test_3333|Init|0
test_3334|Init|+2
test_3335|-1|+1
test_3336|-2|-1
test_3337|+2|+0.5
test_3338|+0.5|-1
test_3339|Ignore|+0.5
test_3340|+1|0
test_3341|Init|Init
test_3342|-0.5|0
test_3343|+2|-1
test_3344|+2|-1
test_3345|-2|-2
test_3346|+1|0
test_3347|Init|+2
test_3348|+0.5|-0.5
test_3349|+1|-1
test_3350|Init|Ignore
test_3351|-1|0
test_3352|-2|-2
test_3353|-2|-0.5
test_3354|Init|+0.5
test_3355|-1|0
test_3356|-2|+2
test_3357|+0.5|+0.5
test_3358|-2|Ignore
test_3359|-2|-2
test_3360|+0.5|-2
test_3361|-0.5|+0.5
test_3362|+1|-0.5
test_3363|0|-2
test_3364|-1|Init
test_3365|+0.5|-2
test_3366|-0.5|-2
test_3367|Ignore|Ignore
test_3368|-0.5|Init
test_3369|+1|-2
test_3370|+2|Init
test_3371|+1|+0.5
test_3372|-1|-0.5
test_3373|-2|+1
test_3374|+1|+2
test_3375|-2|Ignore
test_3376|Init|+1
test_3377|Ignore|-0.5
test_3378|-0.5|+0.5
test_3379|0|+1
test_3380|+0.5|Init
test_3381|Init|Init
test_3382|+1|+0.5
test_3383|+2|-1
test_3384|+0.5|+2
test_3385|+2|+1
test_3386|+0.5|+1
test_3387|+0.5|-0.5
test_3388|-1|0
test_3389|-1|+2
test_3390|+1|-1
test_3391|-1|-1
test_3392|Ignore|Init
test_3393|+0.5|Init
test_3394|-0.5|0
test_3395|+2|+2
test_3396|+0.5|Init
test_3397|-0.5|+0.5
test_3398|-2|Ignore
test_3399|+2|-0.5
test_3400|+2|+2
test_3401|Init|-2
test_3402|Init|-1
test_3403|+2|-0.5
test_3404|+1|Ignore
test_3405|+1|-0.5
test_3406|+1|-0.5
test_3407|Ignore|-1
test_3408|Init|+0.5
test_3409|+0.5|+1
test_3410|+0.5|+2
test_3411|+1|+2
test_3412|-2|-0.5
test_3413|+0.5|-2
test_3414|-0.5|-1
test_3415|+1|+2
test_3416|+0.5|0
test_3417|Init|Ignore
test_3418|-2|+1
test_3419|-2|Ignore
test_3420|+2|-1
test_3421|Ignore|-1
test_3422|+2|-0.5
test_3423|Init|+0.5
test_3424|+0.5|-1
test_3425|Init|Init
test_3426|Init|+2
test_3427|-1|-1
test_3428|+1|0
test_3429|+2|+0.5
test_3430|+1|-2
test_3431|Ignore|Ignore
test_3432|-2|Init
test_3433|-2|Init
test_3434|Ignore|Init
test_3435|+1|+2
test_3436|-2|-1
test_3437|+0.5|-2
test_3438|-2|Ignore
test_3439|+2|Init
test_3440|Ignore|-0.5
test_3441|+2|+0.5
test_3442|-1|Init
test_3443|+0.5|Init
test_3444|+1|+2
test_3445|Ignore|+2
test_3446|-1|0
test_3447|-0.5|-1
test_3448|Ignore|-0.5
test_3449|-1|-0.5
test_3450|-0.5|-2
test_3451|Init|-0.5
test_3452|+0.5|+1
test_3453|-0.5|+1
test_3454|Ignore|Init
test_3455|-2|+1
test_3456|+1|0
test_3457|Init|+1
test_3458|-2|0
test_3459|-2|+1
test_3460|-1|Init
test_3461|Init|-0.5
test_3462|0|+0.5
test_3463|Init|+2
test_3464|Ignore|+1
test_3465|-2|-0.5
test_3466|+2|-2
test_3467|Init|+1
test_3468|-0.5|-2
test_3469|-0.5|-0.5
test_3470|Init|+0.5
test_3471|-0.5|+1
test_3472|-1|Init
test_3473|+0.5|+0.5
test_3474|-2|-1
test_3475|0|Ignore
test_3476|-0.5|Init
test_3477|+1|0
test_3478|+0.5|+2
test_3479|+2|+2
test_3480|Ignore|Ignore
test_3481|+0.5|+2
test_3482|+0.5|Init
test_3483|Ignore|+0.5
test_3484|-0.5|+2
test_3485|Init|+0.5
test_3486|Init|+2
test_3487|+1|+2
test_3488|-1|-0.5
test_3489|+1|-1
test_3490|+0.5|Init
test_3491|Init|+0.5
test_3492|+0.5|Ignore
test_3493|+1|+0.5
test_3494|Init|+1
test_3495|Init|-0.5
test_3496|0|-2
test_3497|Init|+1
test_3498|Init|+2
test_3499|Ignore|-0.5
test_3500|-0.5|Init
test_3501|-2|-0.5
test_3502|-0.5|-2
test_3503|-0.5|Init
test_3504|+0.5|-1
test_3505|+0.5|+1
test_3506|-0.5|-1
test_3507|-2|-2
test_3508|Init|-1
test_3509|0|Ignore
test_3510|+0.5|-1
test_3511|+0.5|-1
test_3512|+0.5|Ignore
test_3513|+1|-0.5
test_3514|0|-2
test_3515|+0.5|Ignore
test_3516|Init|+1
test_3517|-1|-0.5
test_3518|-0.5|-2
test_3519|+0.5|+1
test_3520|Ignore|-2
test_3521|-1|Ignore
test_3522|Init|-0.5
test_3523|0|-0.5
test_3524|Ignore|Ignore
test_3525|Ignore|+0.5
test_3526|+2|-0.5
test_3527|-0.5|+1
test_3528|-2|-2
test_3529|+1|+2
test_3530|Ignore|+1
test_3531|+0.5|0
test_3532|0|-0.5
test_3533|-1|Ignore
test_3534|-0.5|-1
test_3535|+1|Ignore
test_3536|+0.5|+1
test_3537|+0.5|-2
test_3538|-1|Init
test_3539|+2|+1
test_3540|+0.5|0
test_3541|-1|-0.5
test_3542|+1|Ignore
test_3543|-1|-1
test_3544|Init|-2
test_3545|+0.5|+1
test_3546|Init|+0.5
test_3547|+1|-0.5
test_3548|0|-0.5
test_3549|Init|-1
test_3550|-2|-1
test_3551|+1|+0.5
test_3552|Ignore|-1
test_3553|Ignore|-2
test_3554|+2|Init
test_3555|0|-1
test_3556|+1|-1
test_3557|+0.5|-0.5
test_3558|+2|+2
test_3559|+1|+0.5
test_3560|Ignore|-2
test_3561|-1|-0.5
test_3562|+1|0
test_3563|Ignore|+2
test_3564|+1|Init
test_3565|0|-0.5
test_3566|0|+2
test_3567|Ignore|+1
test_3568|0|+2
test_3569|-2|-2
test_3570|+2|-0.5
test_3571|Init|Ignore
test_3572|Ignore|-0.5
test_3573|+2|+1
test_3574|Init|0
test_3575|-1|Init
test_3576|+0.5|0
test_3577|-0.5|-1
test_3578|+0.5|+2
test_3579|+1|-0.5
test_3580|+0.5|-1
test_3581|-2|Ignore
test_3582|-0.5|0
test_3583|-2|Ignore
test_3584|+0.5|+0.5
test_3585|Ignore|Ignore
test_3586|-1|-2
test_3587|-0.5|Init
test_3588|+0.5|-1
test_3589|-2|-1
test_3590|-2|Ignore
test_3591|Ignore|+0.5
test_3592|Ignore|-1
test_3593|0|Init
test_3594|+0.5|+0.5
test_3595|-1|+0.5
test_3596|-1|Init
test_3597|Init|0
test_3598|+0.5|+1
test_3599|+1|+2
test_3600|Ignore|+0.5
test_3601|-0.5|+1
test_3602|0|+1
test_3603|Ignore|-0.5
test_3604|+0.5|-2
test_3605|+1|-0.5
test_3606|Ignore|0
test_3607|-1|Ignore
test_3608|Ignore|Ignore
test_3609|+0.5|+2
test_3610|+2|+0.5
test_3611|0|+2
test_3612|Init|Ignore
test_3613|-2|+0.5
test_3614|Ignore|Init
test_3615|0|Init
test_3616|+2|+0.5
test_3617|-0.5|Ignore
test_3618|+1|Init
test_3619|+2|-1
test_3620|-2|-2
test_3621|Ignore|Init
test_3622|Init|-2
test_3623|+2|Init
test_3624|0|Init
test_3625|Init|+2
test_3626|-1|+0.5
test_3627|+1|-2
test_3628|+0.5|-1
test_3629|Ignore|-0.5
test_3630|+1|0
test_3631|Ignore|-2
test_3632|Ignore|-0.5
test_3633|Ignore|Ignore
test_3634|+2|+1
test_3635|+2|+0.5
test_3636|-1|0
test_3637|-1|-0.5
test_3638|Init|-0.5
test_3639|-0.5|0
test_3640|Init|+2
test_3641|+1|+1
test_3642|-1|Ignore
test_3643|-0.5|Init
test_3644|+2|Init
test_3645|Ignore|+2
test_3646|+0.5|-2
test_3647|+0.5|0
test_3648|-2|+2
test_3649|-0.5|Ignore
test_3650|+1|-2
test_3651|0|-2
test_3652|Ignore|-1
test_3653|-1|+1
test_3654|+2|+2
test_3655|Init|+0.5
test_3656|+1|+0.5
test_3657|+2|Init
test_3658|0|+2
test_3659|-2|0
test_3660|+1|Init
test_3661|-0.5|+2
test_3662|+1|-0.5
test_3663|Init|-1
test_3664|+2|-0.5
test_3665|Ignore|+1
test_3666|-0.5|+2
test_3667|+0.5|Init
test_3668|-2|-0.5
test_3669|+2|-1
test_3670|Ignore|+2
test_3671|+2|-2
test_3672|Init|Ignore
test_3673|+0.5|+1
test_3674|-2|Init
test_3675|+1|Init
test_3676|-2|0
test_3677|-1|-0.5
test_3678|Init|+0.5
test_3679|Ignore|0
test_3680|Init|+1
test_3681|-0.5|0
test_3682|-1|+2
test_3683|+2|-2
test_3684|0|+1
test_3685|+2|-1
test_3686|+2|-1
test_3687|0|+2
test_3688|0|-2
test_3689|+2|-0.5
test_3690|-0.5|0
test_3691|-0.5|-0.5
test_3692|Init|+0.5
test_3693|Init|Ignore
test_3694|Init|-1
test_3695|-2|+2
test_3696|-2|Ignore
test_3697|-2|+1
test_3698|-2|-1
test_3699|-1|Ignore
test_3700|+0.5|+0.5
test_3701|-2|0
test_3702|0|-1
test_3703|0|+2
test_3704|Ignore|Init
test_3705|Init|Init
test_3706|-1|0
test_3707|-1|Init
test_3708|-1|-2
test_3709|0|Ignore
test_3710|-0.5|Init
test_3711|Init|+0.5
test_3712|Ignore|Ignore
test_3713|0|0
test_3714|Init|Ignore
test_3715|+2|Init
test_3716|+1|+1
test_3717|-2|-0.5
test_3718|-0.5|-0.5
test_3719|+0.5|-1
test_3720|+0.5|+0.5
test_3721|Init|Init
test_3722|-2|-2
test_3723|+2|-2
test_3724|-2|0
test_3725|+2|+2
test_3726|+1|+1
test_3727|+2|-2
test_3728|+2|+0.5
test_3729|-1|Ignore
test_3730|-0.5|+0.5
test_3731|+1|-1
test_3732|Ignore|Ignore
test_3733|Ignore|-1
test_3734|+0.5|Init
test_3735|Init|0
test_3736|Init|-2
test_3737|+2|-0.5
test_3738|Init|0
test_3739|-1|Ignore
test_3740|+1|+2
test_3741|-0.5|-0.5
test_3742|-0.5|-1
test_3743|-2|0
test_3744|+2|+0.5
test_3745|-1|Ignore
test_3746|-2|+2
test_3747|-1|+1
test_3748|+1|+2
test_3749|Init|Init
test_3750|-2|-1
test_3751|-2|+0.5
test_3752|+1|Ignore
test_3753|Ignore|+0.5
test_3754|Init|-1
test_3755|+1|Init
test_3756|+0.5|-2
test_3757|+1|Init
test_3758|-0.5|-2
test_3759|+2|+0.5
test_3760|Ignore|+1
test_3761|-2|0
test_3762|Ignore|-2
test_3763|+2|+2
test_3764|Ignore|-2
test_3765|-2|-2
test_3766|Ignore|+1
test_3767|-2|+1
test_3768|+2|+0.5
test_3769|Init|+0.5
test_3770|-2|+1
test_3771|-1|Init
test_3772|-2|+0.5
test_3773|+0.5|0
test_3774|-2|+2
test_3775|Init|-1
test_3776|-0.5|-2
test_3777|-0.5|Ignore
test_3778|Ignore|-2
test_3779|0|-1
test_3780|+2|+1
test_3781|-0.5|-0.5
test_3782|-1|0
test_3783|0|+0.5
test_3784|-1|Init
test_3785|0|-1
test_3786|Init|0
test_3787|+1|Ignore
test_3788|+1|+1
test_3789|Ignore|+1
test_3790|0|Init
test_3791|+0.5|-1
test_3792|-2|+0.5
test_3793|0|-1
test_3794|-2|Init
test_3795|Init|-1
test_3796|-2|+0.5
test_3797|+0.5|Init
test_3798|Ignore|-0.5
test_3799|+1|Init
test_3800|+1|+1
test_3801|+1|Ignore
test_3802|0|+1
test_3803|Init|-2
test_3804|-1|0
test_3805|+2|-2
test_3806|Init|+2
test_3807|0|Ignore
test_3808|0|+2
test_3809|0|+1
test_3810|+2|+2
test_3811|0|-0.5
test_3812|-0.5|+1
test_3813|0|+0.5
test_3814|-1|+2
test_3815|+0.5|-2
test_3816|+1|+2
test_3817|-0.5|+2
test_3818|Ignore|-0.5
test_3819|+2|0
test_3820|-0.5|+1
test_3821|-0.5|+0.5
test_3822|-0.5|+0.5
test_3823|-2|0
test_3824|-2|Init
test_3825|Ignore|Ignore
test_3826|Init|-0.5
test_3827|-1|Ignore
test_3828|+0.5|+1
test_3829|Ignore|+0.5
test_3830|-2|-1
test_3831|-2|+1
test_3832|Init|+0.5
test_3833|-0.5|Init
test_3834|0|-0.5
test_3835|+0.5|Ignore
test_3836|+2|Init
test_3837|+1|-0.5
test_3838|-1|+0.5
test_3839|Init|0
test_3840|Ignore|+2
test_3841|-0.5|+1
test_3842|+2|+1
test_3843|+0.5|Init
test_3844|+1|+0.5
test_3845|-1|Init
test_3846|-1|-1
test_3847|Ignore|+0.5
test_3848|+2|+0.5
test_3849|-2|+0.5
test_3850|Init|+0.5
test_3851|-2|Ignore
test_3852|-1|0
test_3853|0|Ignore
test_3854|+2|+1
test_3855|Init|-1
test_3856|+0.5|+0.5
test_3857|+1|+0.5
test_3858|+2|+0.5
test_3859|0|-0.5
test_3860|Ignore|+1
test_3861|Init|+2
test_3862|-0.5|Ignore
test_3863|+1|+0.5
test_3864|-1|+1
test_3865|-0.5|-2
test_3866|Init|+2
test_3867|Ignore|+0.5
test_3868|+0.5|-0.5
test_3869|+2|-1
test_3870|Init|+0.5
test_3871|Ignore|-2
test_3872|+2|-0.5
test_3873|Init|+0.5
test_3874|+1|Init
test_3875|+0.5|-1
test_3876|-1|-1
test_3877|+0.5|-0.5
test_3878|Init|Ignore
test_3879|-2|0
test_3880|Init|Init
test_3881|Init|+0.5
test_3882|-0.5|+1
test_3883|-2|-1
test_3884|+1|-1
test_3885|Init|-2
test_3886|+2|+1
test_3887|-2|+1
test_3888|-1|-1
test_3889|-1|+2
test_3890|-1|+1
test_3891|+0.5|0
test_3892|Ignore|+1
test_3893|0|-0.5
test_3894|+0.5|Ignore
test_3895|-1|0
test_3896|Init|-2
test_3897|Ignore|-0.5
test_3898|+0.5|Init
test_3899|Ignore|Ignore
test_3900|Init|0
test_3901|0|+1
test_3902|Init|+0.5
test_3903|+1|+2
test_3904|+1|+2
test_3905|+0.5|-0.5
test_3906|0|Init
test_3907|-0.5|-0.5
test_3908|Init|+1
test_3909|-0.5|-2
test_3910|+0.5|+2
test_3911|-2|0
test_3912|+0.5|+1
test_3913|Init|-0.5
test_3914|-2|Ignore
test_3915|-0.5|-2
test_3916|-1|+1
test_3917|+0.5|+1
test_3918|Init|-1
test_3919|Ignore|+1
test_3920|-1|+1
test_3921|+1|0
test_3922|0|+1
test_3923|+0.5|-1
test_3924|+1|+0.5
test_3925|Ignore|-0.5
test_3926|0|-0.5
test_3927|Init|+0.5
test_3928|Init|-2
test_3929|+2|-1
test_3930|-1|-1
test_3931|+2|-0.5
test_3932|+2|Ignore
test_3933|+2|Init
test_3934|+0.5|-2
test_3935|-1|-2
test_3936|-1|+1
test_3937|-2|+0.5
test_3938|0|Ignore
test_3939|-1|Init
test_3940|+0.5|-1
test_3941|+0.5|Init
test_3942|+2|-1
test_3943|-2|Init
test_3944|+0.5|-1
test_3945|-0.5|Init
test_3946|-1|Init
test_3947|Ignore|0
test_3948|-2|+1
test_3949|0|-0.5
test_3950|+1|0
test_3951|-1|0
test_3952|Init|0
test_3953|Init|Ignore
test_3954|+1|+2
test_3955|-2|-0.5
test_3956|-1|-0.5
test_3957|+1|+1
test_3958|-2|-1
test_3959|+1|+2
test_3960|+2|-0.5
test_3961|+1|+2
test_3962|0|+1
test_3963|Ignore|Ignore
test_3964|-0.5|+1
test_3965|-1|+1
test_3966|-2|-2
test_3967|+0.5|+1
test_3968|Ignore|-2
test_3969|-0.5|0
test_3970|-1|+0.5
test_3971|+1|Ignore
test_3972|Init|+2
test_3973|+2|-2
test_3974|+1|-1
test_3975|Init|+1
test_3976|+2|-0.5
test_3977|Init|Init
test_3978|0|-1
test_3979|0|+2
test_3980|Ignore|Init
test_3981|Init|Init
test_3982|+2|+1
test_3983|+1|-2
test_3984|Init|-0.5
test_3985|-0.5|-1
test_3986|0|+1
test_3987|+0.5|+1
test_3988|-0.5|-1
test_3989|-2|-1
test_3990|0|-0.5
test_3991|-0.5|Init
test_3992|+2|+0.5
test_3993|-0.5|+2
test_3994|Ignore|Ignore
test_3995|Init|+0.5
test_3996|+0.5|-1
test_3997|Ignore|+1
test_3998|-2|0
test_3999|0|+1
test_4000|Init|Init
test_4001|+1|-2
test_4002|-1|-0.5
test_4003|+2|+1
test_4004|+2|0
test_4005|-1|Init
test_4006|+1|+2
test_4007|-2|-2
test_4008|-0.5|-1
test_4009|Ignore|+2
test_4010|Init|-2
test_4011|Init|-2
test_4012|Ignore|+2
test_4013|Ignore|Init
test_4014|+0.5|0
test_4015|+0.5|Init
test_4016|-2|+2
test_4017|+1|+1
test_4018|+1|+0.5
test_4019|-0.5|0
test_4020|-2|-1
test_4021|-0.5|+1
test_4022|+1|+0.5
test_4023|-0.5|-2
test_4024|+2|-0.5
test_4025|-2|-0.5
test_4026|+1|-0.5
test_4027|+1|0
test_4028|-0.5|Init
test_4029|0|+0.5
test_4030|+1|-1
test_4031|-0.5|+0.5
test_4032|-0.5|+2
test_4033|-0.5|+2
test_4034|+0.5|+0.5
test_4035|0|0
test_4036|-1|+0.5
test_4037|-0.5|+1
test_4038|+2|+2
test_4039|+1|-2
test_4040|-0.5|0
test_4041|+1|0
test_4042|Init|Init
test_4043|+1|0
test_4044|-2|+0.5
test_4045|-1|+2
test_4046|+2|+0.5
test_4047|Ignore|0
test_4048|Init|+2
test_4049|+0.5|Ignore
test_4050|+1|-0.5
test_4051|+1|Init
test_4052|-0.5|+2
test_4053|-0.5|+2
test_4054|+2|-2
test_4055|0|-0.5
test_4056|+0.5|-1
test_4057|-1|Init
test_4058|+0.5|Ignore
test_4059|-2|Ignore
test_4060|+2|Init
test_4061|-2|Init
test_4062|+2|+0.5
test_4063|Ignore|+1
test_4064|+1|+1
test_4065|-2|-1
test_4066|+2|+0.5
test_4067|0|-0.5
test_4068|Init|0
test_4069|0|+2
test_4070|Init|Init
test_4071|Init|Init
test_4072|-2|Ignore
test_4073|Ignore|-2
test_4074|0|-2
test_4075|+1|Init
test_4076|-1|+0.5
test_4077|+2|+2
test_4078|Ignore|+1
test_4079|-0.5|+2
test_4080|Init|0
test_4081|-0.5|+2
test_4082|+0.5|Init
test_4083|-1|Ignore
test_4084|-2|0
test_4085|-1|Init
test_4086|Init|Init
test_4087|Init|+2
test_4088|+1|-1
test_4089|-2|+1
test_4090|-1|-1
test_4091|-2|-0.5
test_4092|-2|Ignore
test_4093|Ignore|Ignore
test_4094|-2|Init
test_4095|-1|+0.5
test_4096|0|-0.5
test_4097|+1|-2
test_4098|-0.5|-1
test_4099|0|-1
test_4100|-2|-0.5
test_4101|-0.5|Init
test_4102|+0.5|Init
test_4103|Init|+0.5
test_4104|-1|+0.5
test_4105|+2|Ignore
test_4106|+2|-1
test_4107|-1|+0.5
test_4108|+1|+0.5
test_4109|+0.5|0
test_4110|0|-1
test_4111|Init|-2
test_4112|Ignore|-0.5
test_4113|0|Init
test_4114|-1|Init
test_4115|+0.5|+1
test_4116|Ignore|+2
test_4117|-1|Ignore
test_4118|Init|0
test_4119|+2|Init
test_4120|0|Init
test_4121|Init|-1
test_4122|-2|-2
test_4123|-2|-2
test_4124|Ignore|Ignore
test_4125|Ignore|0
test_4126|-1|0
test_4127|-0.5|-0.5
test_4128|-1|-2
test_4129|Init|Ignore
test_4130|0|Ignore
test_4131|-1|-1
test_4132|-2|Init
test_4133|Init|+1
test_4134|+2|0
test_4135|+0.5|+1
test_4136|+1|-1
test_4137|+2|-2
test_4138|0|-2
test_4139|+2|+2
test_4140|-0.5|-0.5
test_4141|+2|+2
test_4142|Init|-2
test_4143|-2|Init
test_4144|0|-2
test_4145|-2|-2
test_4146|0|-1
test_4147|+2|-2
test_4148|Init|-1
test_4149|0|-2
test_4150|-0.5|Init
test_4151|+0.5|-2
test_4152|-1|+0.5
test_4153|Init|+1
test_4154|+0.5|-0.5
test_4155|-0.5|0
test_4156|Init|0
test_4157|-1|Ignore
test_4158|-1|-0.5
test_4159|-0.5|+1
test_4160|Init|+2
test_4161|+2|0
test_4162|Init|+0.5
test_4163|-0.5|-0.5
test_4164|-1|Init
test_4165|+2|Ignore
test_4166|+1|0
test_4167|+1|+2
test_4168|+0.5|0
test_4169|-2|+1
test_4170|-1|+0.5
test_4171|+1|-2
test_4172|+0.5|0
test_4173|-0.5|-2
test_4174|+1|-1
test_4175|Ignore|Ignore
test_4176|0|+1
test_4177|-0.5|+1
test_4178|+2|0
test_4179|-1|Ignore
test_4180|Init|+2
test_4181|-2|-1
test_4182|Init|Init
test_4183|0|+0.5
test_4184|+0.5|-0.5
test_4185|+1|-2
test_4186|-1|-0.5
test_4187|+2|-0.5
test_4188|-0.5|+1
test_4189|Ignore|+2
test_4190|-0.5|+2
test_4191|Init|+2
test_4192|+2|-0.5
test_4193|-1|Init
test_4194|Init|Init
test_4195|Init|Init
test_4196|+1|0
test_4197|Init|Ignore
test_4198|Ignore|Ignore
test_4199|-1|+2
test_4200|Init|-1
test_4201|0|-1
test_4202|0|-1
test_4203|Ignore|-1
test_4204|Ignore|-2
test_4205|-2|Ignore
test_4206|-0.5|-1
test_4207|Ignore|+2
test_4208|0|-1
test_4209|Ignore|-0.5
test_4210|+2|Init
test_4211|-0.5|-2
test_4212|-0.5|Init
test_4213|-2|-0.5
test_4214|Ignore|Ignore
test_4215|-0.5|-0.5
test_4216|Ignore|-0.5
test_4217|Ignore|Ignore
test_4218|-1|-1
test_4219|+2|Init
test_4220|+1|Ignore
test_4221|+0.5|+0.5
test_4222|Ignore|-0.5
test_4223|0|-0.5
test_4224|Init|Init
test_4225|Init|+0.5
test_4226|Ignore|-1
test_4227|-0.5|-2
test_4228|-2|0
test_4229|Ignore|-2
test_4230|-0.5|+2
test_4231|-1|Ignore
test_4232|Init|Ignore
test_4233|-2|+2
test_4234|Ignore|+0.5
test_4235|Ignore|Ignore
test_4236|+2|-2
test_4237|-2|-0.5
test_4238|+1|-2
test_4239|-1|0
test_4240|0|Init
test_4241|-1|0
test_4242|0|Ignore
test_4243|0|+2
test_4244|0|+0.5
test_4245|+2|-2
test_4246|+2|0
test_4247|Ignore|-2
test_4248|Ignore|0
test_4249|-0.5|0
test_4250|-2|Init
test_4251|Ignore|-2
test_4252|Ignore|+0.5
test_4253|Ignore|-2
test_4254|+1|-0.5
test_4255|Init|-0.5
test_4256|-2|-0.5
test_4257|0|+2
test_4258|+0.5|-0.5
test_4259|Init|Init
test_4260|+2|Init
test_4261|Ignore|0
test_4262|+2|Ignore
test_4263|-1|Ignore
test_4264|0|Init
test_4265|Ignore|-0.5
test_4266|-1|0
test_4267|Init|+1
test_4268|+0.5|+2
test_4269|Init|+1
test_4270|-2|Init
test_4271|Init|Init
test_4272|Ignore|+2
test_4273|Init|Init
test_4274|+1|0
test_4275|Ignore|Init
test_4276|+1|+2
test_4277|-2|Ignore
test_4278|-2|-1
test_4279|0|-2
test_4280|-1|+0.5
test_4281|Init|Init
test_4282|-0.5|-1
test_4283|-0.5|-1
test_4284|+1|0
test_4285|0|Ignore
test_4286|+2|+0.5
test_4287|0|-1
test_4288|+0.5|-1
test_4289|+1|-0.5
test_4290|+2|0
test_4291|-0.5|-0.5
test_4292|0|Ignore
test_4293|0|+2
test_4294|Ignore|Ignore
test_4295|-0.5|-0.5
test_4296|-0.5|-0.5
test_4297|+2|+0.5
test_4298|+1|-2
test_4299|Init|0
test_4300|-0.5|-0.5
test_4301|+2|-2
test_4302|-0.5|0
test_4303|-2|Ignore
test_4304|0|Init
test_4305|0|+2
test_4306|-0.5|+0.5
test_4307|Init|-2
test_4308|Init|0
test_4309|-1|+1
test_4310|+2|+0.5
test_4311|-2|0
test_4312|-0.5|+2
test_4313|+2|0
test_4314|+2|+2
test_4315|Init|-0.5
test_4316|-0.5|Ignore
test_4317|+1|Ignore
test_4318|Ignore|Ignore
test_4319|-1|Ignore
test_4320|-0.5|-0.5
test_4321|-2|+1
test_4322|-2|0
test_4323|Init|-2
test_4324|0|-2
test_4325|Ignore|+0.5
test_4326|-0.5|Init
test_4327|-2|-1
test_4328|Ignore|0
test_4329|-0.5|+2
test_4330|0|-1
test_4331|Init|Ignore
test_4332|0|Init
test_4333|-0.5|+0.5
test_4334|0|Ignore
test_4335|-2|+1
test_4336|Init|+1
test_4337|+1|-1
test_4338|-0.5|Ignore
test_4339|-0.5|Init
test_4340|+0.5|Ignore
test_4341|+2|0
test_4342|-1|0
test_4343|+0.5|+2
test_4344|-0.5|-1
test_4345|+2|-1
test_4346|-2|+0.5
test_4347|Ignore|Init
test_4348|+1|-2
test_4349|Init|Ignore
test_4350|+2|-1
test_4351|+2|Init
test_4352|Init|0
test_4353|+2|-0.5
test_4354|+2|-0.5
test_4355|Ignore|+2
test_4356|+2|Ignore
test_4357|-1|Init
test_4358|+2|-1
test_4359|0|-2
test_4360|+1|+1
test_4361|+1|+0.5
test_4362|Ignore|-0.5
test_4363|0|-0.5
test_4364|+0.5|-2
test_4365|Init|+0.5
test_4366|0|Ignore
test_4367|+0.5|+0.5
test_4368|0|+0.5
test_4369|+2|+2
test_4370|+2|-1
test_4371|-2|0
test_4372|-0.5|0
test_4373|+2|0
test_4374|+2|-1
test_4375|-1|Init
test_4376|-1|-2
test_4377|+2|Init
test_4378|Ignore|-1
test_4379|Ignore|-2
test_4380|-1|-1
test_4381|0|-0.5
test_4382|0|Ignore
test_4383|+2|-1
test_4384|0|Ignore
test_4385|Ignore|-0.5
test_4386|+2|Ignore
test_4387|+1|+1
test_4388|-1|Init
test_4389|Ignore|Ignore
test_4390|-0.5|Init
test_4391|-1|0
test_4392|Init|-2
test_4393|+0.5|-1
test_4394|Init|+1
test_4395|Ignore|+1
test_4396|-1|+0.5
test_4397|-2|-1
test_4398|Ignore|Ignore
test_4399|0|-2
test_4400|Init|-2
test_4401|-0.5|+2
test_4402|Ignore|Ignore
test_4403|+2|-1
test_4404|0|+1
test_4405|0|Ignore
test_4406|Init|+0.5
test_4407|+0.5|0
test_4408|0|-1
test_4409|0|0
test_4410|Init|Init
test_4411|Ignore|0
test_4412|0|-1
test_4413|-2|-1
test_4414|-1|+1
test_4415|+0.5|+2
test_4416|-0.5|-2
test_4417|Init|+0.5
test_4418|-0.5|+2
test_4419|+2|+1
test_4420|-1|+2
test_4421|-2|Ignore
test_4422|-2|-1
test_4423|Init|-0.5
test_4424|+1|+2
test_4425|+2|+1
test_4426|+1|-0.5
test_4427|Ignore|+1
test_4428|+1|-1
test_4429|-0.5|-0.5
test_4430|-2|0
test_4431|+0.5|+2
test_4432|-2|-1
test_4433|Init|Init
test_4434|Ignore|Ignore
test_4435|+2|+2
test_4436|-2|-0.5
test_4437|-1|-1
test_4438|-0.5|-0.5
test_4439|+2|+1
test_4440|0|-1
test_4441|0|-1
test_4442|Init|-1
test_4443|Ignore|0
test_4444|0|-0.5
test_4445|+2|+2
test_4446|Init|+0.5
test_4447|-0.5|Init
test_4448|Init|+1
test_4449|+2|0
test_4450|+2|-0.5
test_4451|+1|-0.5
test_4452|+2|+2
test_4453|Init|-0.5
test_4454|Init|-1
test_4455|+1|Ignore
test_4456|0|-2
test_4457|Init|-2
test_4458|-1|0
test_4459|-2|Init
test_4460|-2|-1
test_4461|+1|+2
test_4462|+2|Ignore
test_4463|Ignore|-0.5
test_4464|Init|-1
test_4465|+1|+0.5
test_4466|0|+1
test_4467|+2|Ignore
test_4468|Init|+0.5
test_4469|-1|+1
test_4470|-0.5|-2
test_4471|-0.5|+1
test_4472|+1|-2
test_4473|+1|+1
test_4474|-2|-0.5
test_4475|+0.5|-1
test_4476|-1|-0.5
test_4477|-0.5|-0.5
test_4478|+0.5|+0.5
test_4479|Init|+0.5
test_4480|+1|-1
test_4481|+2|Ignore
test_4482|+1|-2
test_4483|+1|+1
test_4484|Init|-2
test_4485|+0.5|Ignore
test_4486|+2|-0.5
test_4487|+0.5|0
test_4488|-1|Ignore
test_4489|Ignore|+2
test_4490|-1|+2
test_4491|-0.5|-2
test_4492|0|+0.5
test_4493|+0.5|+2
test_4494|Init|+2
test_4495|0|Ignore
test_4496|+2|-1
test_4497|Ignore|-1
test_4498|-2|Init
test_4499|-0.5|-1
test_4500|-2|-2
test_4501|-1|Ignore
test_4502|+2|+0.5
test_4503|Init|+0.5
test_4504|0|-0.5
test_4505|-2|-1
test_4506|+2|Init
test_4507|-2|+1
test_4508|+1|Init
test_4509|Ignore|+0.5
test_4510|-2|Init
test_4511|+1|Init
test_4512|+2|+2
test_4513|+1|+1
test_4514|0|Ignore
test_4515|0|-2
test_4516|Init|Init
test_4517|0|+1
test_4518|0|0
test_4519|0|+1
test_4520|0|0
test_4521|Init|+2
test_4522|+1|-0.5
test_4523|0|Init
test_4524|+2|+0.5
test_4525|+1|-1
test_4526|Init|Ignore
test_4527|-2|+0.5
test_4528|-2|0
test_4529|+0.5|-2
test_4530|+2|+1
test_4531|Init|+0.5
test_4532|-0.5|-2
test_4533|-2|+2
test_4534|Ignore|0
test_4535|0|+0.5
test_4536|Init|Init
test_4537|Ignore|Ignore
test_4538|0|+1
test_4539|-2|-1
test_4540|-1|-0.5
test_4541|-2|+1
test_4542|+0.5|0
test_4543|+0.5|-0.5
test_4544|+2|0
test_4545|+0.5|-0.5
test_4546|0|+1
test_4547|Ignore|0
test_4548|Ignore|-0.5
test_4549|-1|-0.5
test_4550|Init|-0.5
test_4551|Ignore|-0.5
test_4552|+0.5|-0.5
test_4553|0|+0.5
test_4554|-1|-0.5
test_4555|+2|+0.5
test_4556|0|-0.5
test_4557|Init|Ignore
test_4558|-1|Init
test_4559|-0.5|0
test_4560|Init|+1
test_4561|+2|-1
test_4562|0|+1
test_4563|Ignore|Ignore
test_4564|-2|+2
test_4565|Ignore|+0.5
test_4566|+0.5|Ignore
test_4567|+0.5|-1
test_4568|+0.5|Init
test_4569|-1|+0.5
test_4570|-0.5|0
test_4571|+1|-2
test_4572|-1|Init
test_4573|-2|Ignore
test_4574|-0.5|-2
test_4575|-1|+2
test_4576|-0.5|+1
test_4577|-1|-2
test_4578|+1|+2
test_4579|+1|-1
test_4580|-0.5|-0.5
test_4581|+0.5|-0.5
test_4582|-1|Ignore
test_4583|Ignore|Ignore
test_4584|-1|Ignore
test_4585|Init|0
test_4586|-2|Init
test_4587|Ignore|Init
test_4588|-2|0
test_4589|-0.5|Init
test_4590|-0.5|+1
test_4591|Init|+0.5
test_4592|+1|Init
test_4593|0|-2
test_4594|Init|-0.5
test_4595|Ignore|Ignore
test_4596|Init|+0.5
test_4597|+1|Ignore
test_4598|0|-2
test_4599|-1|-1
test_4600|-0.5|Ignore
test_4601|0|Init
test_4602|-0.5|+0.5
test_4603|0|Ignore
test_4604|Init|Ignore
test_4605|0|Init
test_4606|+1|+0.5
test_4607|Init|+0.5
test_4608|+1|Init
test_4609|-2|-1
test_4610|Ignore|+1
test_4611|+0.5|+2
test_4612|+2|+2
test_4613|+2|+0.5
test_4614|+1|-1
test_4615|Ignore|-0.5
test_4616|-0.5|+0.5
test_4617|-0.5|+1
test_4618|+1|-0.5
test_4619|+0.5|0
test_4620|+0.5|-0.5
test_4621|Ignore|-0.5
test_4622|Ignore|+2
test_4623|Init|0
test_4624|+2|Init
test_4625|0|-1
test_4626|0|+1
test_4627|Ignore|+2
test_4628|+0.5|Ignore
test_4629|-0.5|+2
test_4630|0|+1
test_4631|Init|0
test_4632|-2|0
test_4633|-0.5|+2
test_4634|+2|+0.5
test_4635|+1|+2
test_4636|-2|+1
test_4637|+2|-0.5
test_4638|+0.5|Init
test_4639|Init|-2
test_4640|Init|-0.5
test_4641|-1|Ignore
test_4642|-1|+2
test_4643|+1|-2
test_4644|Init|+1
test_4645|-2|+2
test_4646|-2|Init
test_4647|+1|+0.5
test_4648|+2|0
test_4649|-0.5|+2
test_4650|+1|+1
test_4651|+1|-1
test_4652|-0.5|-0.5
test_4653|+1|0
test_4654|Init|+1
test_4655|-0.5|+2
test_4656|0|Init
test_4657|+2|+2
test_4658|Ignore|+0.5
test_4659|-1|-0.5
test_4660|0|-1
test_4661|-1|-2
test_4662|+2|0
test_4663|-1|-1
test_4664|-2|Init
test_4665|+0.5|+1
test_4666|-2|-1
test_4667|+1|-2
test_4668|-1|+0.5
test_4669|-1|+0.5
test_4670|-1|+0.5
test_4671|+0.5|Ignore
test_4672|0|-1
test_4673|Ignore|-1
test_4674|Ignore|Ignore
test_4675|+1|-1
test_4676|-2|+2
test_4677|0|0
test_4678|Init|0
test_4679|-2|-0.5
test_4680|-1|+0.5
test_4681|-2|0
test_4682|0|-1
test_4683|+1|+2
test_4684|0|Ignore
test_4685|-1|0
test_4686|+1|+1
test_4687|-0.5|-2
test_4688|0|+2
test_4689|+2|-0.5
test_4690|-0.5|+1
test_4691|Init|+0.5
test_4692|Init|Ignore
test_4693|-2|+0.5
test_4694|Ignore|Ignore
test_4695|Ignore|0
test_4696|-0.5|-0.5
test_4697|-0.5|-1
test_4698|+2|Ignore
test_4699|Init|Init
test_4700|Init|-2
test_4701|+0.5|-1
test_4702|0|+2
test_4703|Ignore|-0.5
test_4704|-2|+2
test_4705|+0.5|Ignore
test_4706|-0.5|+1
test_4707|+1|-2
test_4708|-2|0
test_4709|Ignore|+2
test_4710|Init|+1
test_4711|Ignore|-2
test_4712|+0.5|0
test_4713|Ignore|Init
test_4714|Ignore|Ignore
test_4715|0|Init
test_4716|-2|+0.5
test_4717|+2|0
test_4718|Ignore|-2
test_4719|-2|-2
test_4720|+0.5|+1
test_4721|+1|+2
test_4722|0|+0.5
test_4723|+0.5|Ignore
test_4724|+2|+1
test_4725|-1|Init
test_4726|-0.5|-0.5
test_4727|-1|0
test_4728|+0.5|-1
test_4729|0|Ignore
test_4730|-1|Ignore
test_4731|+1|0
test_4732|-1|Ignore
test_4733|0|+1
test_4734|+1|+0.5
test_4735|+0.5|-0.5
test_4736|Init|+0.5
test_4737|+1|0
test_4738|-0.5|Init
test_4739|+0.5|Ignore
test_4740|-0.5|-1
test_4741|+2|-2
test_4742|+0.5|+0.5
test_4743|Ignore|+1
test_4744|-2|+0.5
test_4745|Init|+2
test_4746|-0.5|+2
test_4747|0|+1
test_4748|Init|+0.5
test_4749|+1|-2
test_4750|0|+1
test_4751|+0.5|0
test_4752|+1|0
test_4753|+1|+1
test_4754|0|-1
test_4755|+2|0
test_4756|-2|-0.5
test_4757|Ignore|Ignore
test_4758|+1|+2
test_4759|-1|0
test_4760|+0.5|-0.5
test_4761|-0.5|Init
test_4762|Init|0
test_4763|-1|+2
test_4764|-2|-1
test_4765|-2|+2
test_4766|-2|-2
test_4767|-0.5|Ignore
test_4768|Init|+1
test_4769|-1|+1
test_4770|-2|+0.5
test_4771|+0.5|-0.5
test_4772|-0.5|-2
test_4773|Ignore|-0.5
test_4774|+0.5|+1
test_4775|+1|+1
test_4776|+2|+1
test_4777|Init|-2
test_4778|+2|-0.5
test_4779|Ignore|Ignore
test_4780|+0.5|-0.5
test_4781|-1|+1
test_4782|0|+2
test_4783|+2|-1
test_4784|+1|-0.5
test_4785|0|Init
test_4786|+2|Init
test_4787|+0.5|-1
test_4788|Ignore|Init
test_4789|-0.5|-1
test_4790|-0.5|-2
test_4791|+0.5|Init
test_4792|0|-0.5
test_4793|0|+2
test_4794|+2|Init
test_4795|-2|Ignore
test_4796|0|-2
test_4797|0|Ignore
test_4798|+0.5|0
test_4799|+0.5|Ignore
test_4800|+1|-2
test_4801|+0.5|+0.5
test_4802|+0.5|+1
test_4803|Init|+2
test_4804|+1|-2
test_4805|Init|+0.5
test_4806|+1|+1
test_4807|+2|Ignore
test_4808|0|+1
test_4809|+2|-0.5
test_4810|Init|Ignore
test_4811|+2|Ignore
test_4812|-2|Ignore
test_4813|0|+0.5
test_4814|+2|-0.5
test_4815|Ignore|-1
test_4816|Ignore|+1
test_4817|-1|Init
test_4818|-1|+0.5
test_4819|+1|-0.5
test_4820|-1|-1
test_4821|+0.5|0
test_4822|Init|Init
test_4823|0|+0.5
test_4824|-0.5|-2
test_4825|Ignore|Ignore
test_4826|+2|+2
test_4827|-0.5|Ignore
test_4828|Ignore|Init
test_4829|0|-0.5
test_4830|-1|+2
test_4831|-2|+2
test_4832|+0.5|+0.5
test_4833|-0.5|Ignore
test_4834|Ignore|-0.5
test_4835|+0.5|-1
test_4836|Init|-2
test_4837|Ignore|0
test_4838|+2|+0.5
test_4839|-2|-0.5
test_4840|-0.5|+1
test_4841|-2|+1
test_4842|-2|0
test_4843|-0.5|Ignore
test_4844|Ignore|Init
test_4845|0|+0.5
test_4846|-1|0
test_4847|-1|-0.5
test_4848|-1|Init
test_4849|-0.5|Init
test_4850|-1|-1
test_4851|+2|Init
test_4852|+0.5|-2
test_4853|+1|0
test_4854|-2|-1
test_4855|+0.5|+2
test_4856|-1|-2
test_4857|-2|-0.5
test_4858|-1|-2
test_4859|0|+1
test_4860|+2|Ignore
test_4861|+2|Ignore
test_4862|+1|-0.5
test_4863|+2|-1
test_4864|-2|+1
test_4865|+1|Ignore
test_4866|+0.5|-1
test_4867|-0.5|-2
test_4868|+0.5|-2
test_4869|Init|Ignore
test_4870|Init|Ignore
test_4871|+1|+1
test_4872|+2|+0.5
test_4873|0|+0.5
test_4874|-1|+0.5
test_4875|-2|-1
test_4876|-1|+0.5
test_4877|+0.5|-0.5
test_4878|Init|+2
test_4879|-1|+2
test_4880|Ignore|+0.5
test_4881|+2|+1
test_4882|+1|Ignore
test_4883|-2|-1
test_4884|-0.5|+0.5
test_4885|+2|Init
test_4886|-2|0
test_4887|-2|+1
test_4888|-0.5|0
test_4889|Ignore|Init
test_4890|+1|+1
test_4891|-2|Ignore
test_4892|Ignore|-0.5
test_4893|+1|+0.5
test_4894|-1|+0.5
test_4895|-0.5|-0.5
test_4896|Ignore|Ignore
test_4897|+1|-1
test_4898|+2|Ignore
test_4899|Init|-2
test_4900|Ignore|Ignore
test_4901|0|+2
test_4902|+2|Ignore
test_4903|+1|+0.5
test_4904|-1|-0.5
test_4905|+1|Init
test_4906|-2|+0.5
test_4907|+0.5|+0.5
test_4908|0|+1
test_4909|+1|+1
test_4910|+1|-2
test_4911|Init|0
test_4912|0|0
test_4913|Ignore|0
test_4914|-0.5|0
test_4915|-1|-0.5
test_4916|-2|+1
test_4917|0|+2
test_4918|-2|0
test_4919|+2|+2
test_4920|-0.5|+2
test_4921|+1|-2
test_4922|Ignore|0
test_4923|Ignore|0
test_4924|+0.5|-1
test_4925|+2|Init
test_4926|Ignore|+2
test_4927|-0.5|0
test_4928|-2|-2
test_4929|+2|Init
test_4930|Ignore|0
test_4931|+2|+0.5
test_4932|Ignore|+2
test_4933|-1|Ignore
test_4934|-2|Ignore
test_4935|-2|-1
test_4936|Ignore|+0.5
test_4937|-0.5|-2
test_4938|+2|-1
test_4939|-0.5|-1
test_4940|-2|+1
test_4941|+0.5|Ignore
test_4942|+2|-1
test_4943|+1|+2
test_4944|Ignore|-0.5
test_4945|+2|+1
test_4946|Init|-1
test_4947|+0.5|-1
test_4948|Ignore|Init
test_4949|-2|+1
test_4950|-0.5|-0.5
test_4951|0|Init
test_4952|+1|-0.5
test_4953|+0.5|+0.5
test_4954|Init|+0.5
test_4955|+2|+2
test_4956|+2|-2
test_4957|-2|-1
test_4958|-1|-1
test_4959|0|Init
test_4960|-2|-0.5
test_4961|Ignore|0
test_4962|-2|+0.5
test_4963|+2|Ignore
test_4964|+2|-2
test_4965|+0.5|Init
test_4966|Ignore|0
test_4967|-0.5|+2
test_4968|Ignore|+0.5
test_4969|+1|-1
test_4970|Init|Init
test_4971|-1|-2
test_4972|+2|+0.5
test_4973|-0.5|+2
test_4974|Ignore|0
test_4975|0|-0.5
test_4976|+2|-2
test_4977|-2|-2
test_4978|0|+2
test_4979|Ignore|-1
test_4980|+2|0
test_4981|Init|-2
test_4982|Init|Init
test_4983|+0.5|-2
test_4984|+2|-2
test_4985|Init|Init
test_4986|+0.5|0
test_4987|-0.5|+2
test_4988|0|+2
test_4989|-0.5|+2
test_4990|-1|0
test_4991|+2|+0.5
test_4992|0|Ignore
test_4993|-0.5|+0.5
test_4994|+2|Ignore
test_4995|+0.5|Init
test_4996|Ignore|-2
test_4997|-1|0
test_4998|+2|-0.5
test_4999|Ignore|+0.5
test_5000|-1|+2
